"sim","seed","cell","pstar","errored","error_msg","declared","max_pcons","n_rows_out_sg","n_candidates_total","n_passed","sg.def","n","n_treated","events","event_rate","settings_ok","settings_bad","effect_measure","warnings","seconds"
1,8316952,1,0.9,FALSE,NA,0,NA,0,16,0,"",686,246,296,0.431486880466472,TRUE,"","NULL","",5.186
2,8316953,1,0.9,FALSE,NA,1,0.99,5,223,5,"{age <= 46} & {er <= 9}",686,246,280,0.408163265306122,TRUE,"","NULL","",7.373
3,8316954,1,0.9,FALSE,NA,1,0.93,6,159,6,"!{pgr <= 26} & !{er <= 100}",686,246,288,0.419825072886297,TRUE,"","NULL","",6.413
4,8316955,1,0.9,FALSE,NA,0,NA,0,36,0,"",686,246,273,0.397959183673469,TRUE,"","NULL","",4.028
5,8316956,1,0.9,FALSE,NA,0,NA,0,73,0,"",686,246,307,0.447521865889213,TRUE,"","NULL","",5.906
6,8316957,1,0.9,FALSE,NA,1,0.97,2,103,2,"!{pgr <= 77} & {er <= 100}",686,246,284,0.41399416909621,TRUE,"","NULL","",5.665
7,8316958,1,0.9,FALSE,NA,1,0.92,1,46,1,"!{size <= 35} & !{age <= 46}",686,246,298,0.434402332361516,TRUE,"","NULL","",5.13
8,8316959,1,0.9,FALSE,NA,0,NA,0,14,0,"",686,246,296,0.431486880466472,TRUE,"","NULL","",4.057
9,8316960,1,0.9,FALSE,NA,1,1,32,164,32,"!{pgr <= 184} & {age <= 61}",686,246,291,0.424198250728863,TRUE,"","NULL","",4.696
10,8316961,1,0.9,FALSE,NA,1,0.98,4,148,4,"!{age <= 61} & {er <= 70}",686,246,280,0.408163265306122,TRUE,"","NULL","",7.283
11,8316962,1,0.9,FALSE,NA,1,0.97,3,162,3,"{er <= 17} & {size <= 20}",686,246,312,0.454810495626822,TRUE,"","NULL","",6.588
12,8316963,1,0.9,FALSE,NA,0,NA,0,40,0,"",686,246,267,0.389212827988338,TRUE,"","NULL","",4.689
13,8316964,1,0.9,FALSE,NA,0,NA,0,39,0,"",686,246,291,0.424198250728863,TRUE,"","NULL","",4.209
14,8316965,1,0.9,FALSE,NA,1,0.96,4,90,4,"!{age <= 53} & {er <= 17}",686,246,317,0.462099125364431,TRUE,"","NULL","",6.534
15,8316966,1,0.9,FALSE,NA,1,0.97,1,61,1,"!{age <= 61} & !{er <= 9}",686,246,295,0.43002915451895,TRUE,"","NULL","",5.065
16,8316967,1,0.9,FALSE,NA,0,NA,0,39,0,"",686,246,285,0.415451895043732,TRUE,"","NULL","",4.725
17,8316968,1,0.9,FALSE,NA,1,0.95,3,104,3,"{er <= 70} & !{pgr <= 45}",686,246,300,0.43731778425656,TRUE,"","NULL","",5.481
18,8316969,1,0.9,FALSE,NA,0,NA,0,16,0,"",686,246,291,0.424198250728863,TRUE,"","NULL","",5.202
19,8316970,1,0.9,FALSE,NA,0,NA,0,114,0,"",686,246,317,0.462099125364431,TRUE,"","NULL","",6.06
20,8316971,1,0.9,FALSE,NA,0,NA,0,78,0,"",686,246,315,0.459183673469388,TRUE,"","NULL","",5.807
21,8316972,1,0.9,FALSE,NA,1,0.91,1,99,1,"!{pgr <= 16} & {er <= 17}",686,246,327,0.47667638483965,TRUE,"","NULL","",5.244
22,8316973,1,0.9,FALSE,NA,0,NA,0,64,0,"",686,246,298,0.434402332361516,TRUE,"","NULL","",6.061
23,8316974,1,0.9,FALSE,NA,0,NA,0,27,0,"",686,246,324,0.472303206997085,TRUE,"","NULL","",4.869
24,8316975,1,0.9,FALSE,NA,0,NA,0,57,0,"",686,246,277,0.403790087463557,TRUE,"","NULL","",4.953
25,8316976,1,0.9,FALSE,NA,0,NA,0,66,0,"",686,246,283,0.412536443148688,TRUE,"","NULL","",5.054
26,8316977,1,0.9,FALSE,NA,1,0.94,2,92,2,"{age <= 53} & {meno}",686,246,306,0.446064139941691,TRUE,"","NULL","",6.256
27,8316978,1,0.9,FALSE,NA,0,NA,0,87,0,"",686,246,310,0.451895043731778,TRUE,"","NULL","",5.971
28,8316979,1,0.9,FALSE,NA,1,0.98,17,358,17,"{pgr <= 2} & {nodes <= 5}",686,246,330,0.481049562682216,TRUE,"","NULL","",9.002
29,8316980,1,0.9,FALSE,NA,0,NA,0,31,0,"",686,246,293,0.427113702623907,TRUE,"","NULL","",3.497
30,8316981,1,0.9,FALSE,NA,0,NA,0,46,0,"",686,246,304,0.443148688046647,TRUE,"","NULL","",5.597
31,8316982,1,0.9,FALSE,NA,0,NA,0,1,0,"",686,246,322,0.469387755102041,TRUE,"","NULL","",4.478
32,8316983,1,0.9,FALSE,NA,0,NA,0,169,0,"",686,246,291,0.424198250728863,TRUE,"","NULL","",6.48
33,8316984,1,0.9,FALSE,NA,1,0.9,1,36,1,"{pgr <= 2} & !{nodes <= 3}",686,246,295,0.43002915451895,TRUE,"","NULL","",4.736
34,8316985,1,0.9,FALSE,NA,0,NA,0,54,0,"",686,246,325,0.473760932944606,TRUE,"","NULL","",3.936
35,8316986,1,0.9,FALSE,NA,1,0.95,4,213,4,"{er <= 17} & !{er <= 9}",686,246,302,0.440233236151603,TRUE,"","NULL","",8.144
36,8316987,1,0.9,FALSE,NA,1,1,8,154,8,"!{er <= 30} & {pgr <= 45}",686,246,286,0.416909620991254,TRUE,"","NULL","",6.204
37,8316988,1,0.9,FALSE,NA,1,1,16,179,16,"{er <= 70} & {pgr <= 0}",686,246,304,0.443148688046647,TRUE,"","NULL","",6.57
38,8316989,1,0.9,FALSE,NA,0,NA,0,60,0,"",686,246,310,0.451895043731778,TRUE,"","NULL","",3.768
39,8316990,1,0.9,FALSE,NA,1,0.99,26,412,26,"{nodes <= 1} & !{pgr <= 16}",686,246,289,0.421282798833819,TRUE,"","NULL","",10.714
40,8316991,1,0.9,FALSE,NA,0,NA,0,27,0,"",686,246,293,0.427113702623907,TRUE,"","NULL","",4.557
41,8316992,1,0.9,FALSE,NA,0,NA,0,79,0,"",686,246,315,0.459183673469388,TRUE,"","NULL","",5.424
42,8316993,1,0.9,FALSE,NA,1,0.93,2,56,2,"{nodes <= 5} & !{nodes <= 3}",686,246,282,0.411078717201166,TRUE,"","NULL","",3.796
43,8316994,1,0.9,FALSE,NA,0,NA,0,23,0,"",686,246,274,0.399416909620991,TRUE,"","NULL","",5.528
44,8316995,1,0.9,FALSE,NA,1,0.91,1,92,1,"{nodes <= 1} & !{meno}",686,246,289,0.421282798833819,TRUE,"","NULL","",5.871
45,8316996,1,0.9,FALSE,NA,0,NA,0,4,0,"",686,246,312,0.454810495626822,TRUE,"","NULL","",4.559
46,8316997,1,0.9,FALSE,NA,0,NA,0,14,0,"",686,246,313,0.456268221574344,TRUE,"","NULL","",4.52
47,8316998,1,0.9,FALSE,NA,0,NA,0,10,0,"",686,246,296,0.431486880466472,TRUE,"","NULL","",5.158
48,8316999,1,0.9,FALSE,NA,0,NA,0,9,0,"",686,246,279,0.406705539358601,TRUE,"","NULL","",4.408
49,8317000,1,0.9,FALSE,NA,0,NA,0,63,0,"",686,246,332,0.483965014577259,TRUE,"","NULL","",5.094
50,8317001,1,0.9,FALSE,NA,0,NA,0,32,0,"",686,246,292,0.425655976676385,TRUE,"","NULL","",4.71
51,8317002,1,0.9,FALSE,NA,0,NA,0,31,0,"",686,246,297,0.432944606413994,TRUE,"","NULL","",5.464
52,8317003,1,0.9,FALSE,NA,0,NA,0,20,0,"",686,246,310,0.451895043731778,TRUE,"","NULL","",4.823
53,8317004,1,0.9,FALSE,NA,0,NA,0,127,0,"",686,246,320,0.466472303206997,TRUE,"","NULL","",5.913
54,8317005,1,0.9,FALSE,NA,0,NA,0,12,0,"",686,246,296,0.431486880466472,TRUE,"","NULL","",4.322
55,8317006,1,0.9,FALSE,NA,0,NA,0,3,0,"",686,246,309,0.450437317784257,TRUE,"","NULL","",5.547
56,8317007,1,0.9,FALSE,NA,0,NA,0,94,0,"",686,246,302,0.440233236151603,TRUE,"","NULL","",5.825
57,8317008,1,0.9,FALSE,NA,1,0.93,2,221,2,"!{pgr <= 114} & !{age <= 53}",686,246,284,0.41399416909621,TRUE,"","NULL","",6.971
58,8317009,1,0.9,FALSE,NA,0,NA,0,53,0,"",686,246,312,0.454810495626822,TRUE,"","NULL","",4.581
59,8317010,1,0.9,FALSE,NA,1,0.94,1,37,1,"{age <= 46} & {er <= 17}",686,246,308,0.448979591836735,TRUE,"","NULL","",6.066
60,8317011,1,0.9,FALSE,NA,1,0.95,6,154,6,"{age <= 46} & {er <= 30}",686,246,300,0.43731778425656,TRUE,"","NULL","",6.803
61,8317012,1,0.9,FALSE,NA,1,0.96,7,287,7,"{nodes <= 3} & {pgr <= 8}",686,246,300,0.43731778425656,TRUE,"","NULL","",7.99
62,8317013,1,0.9,FALSE,NA,1,0.99,1,84,1,"{er <= 17} & !{er <= 9}",686,246,291,0.424198250728863,TRUE,"","NULL","",4.182
63,8317014,1,0.9,FALSE,NA,1,0.98,15,484,15,"!{pgr <= 77} & !{nodes <= 3}",686,246,293,0.427113702623907,TRUE,"","NULL","",6.42
64,8317015,1,0.9,FALSE,NA,0,NA,0,91,0,"",686,246,306,0.446064139941691,TRUE,"","NULL","",6.441
65,8317016,1,0.9,FALSE,NA,1,0.91,1,85,1,"!{age <= 61} & !{size <= 25}",686,246,286,0.416909620991254,TRUE,"","NULL","",5.661
66,8317017,1,0.9,FALSE,NA,0,NA,0,9,0,"",686,246,287,0.418367346938776,TRUE,"","NULL","",4.371
67,8317018,1,0.9,FALSE,NA,0,NA,0,32,0,"",686,246,305,0.444606413994169,TRUE,"","NULL","",4.782
68,8317019,1,0.9,FALSE,NA,0,NA,0,60,0,"",686,246,299,0.435860058309038,TRUE,"","NULL","",5.863
69,8317020,1,0.9,FALSE,NA,0,NA,0,2,0,"",686,246,291,0.424198250728863,TRUE,"","NULL","",4.522
70,8317021,1,0.9,FALSE,NA,1,0.98,3,116,3,"!{age <= 61} & !{er <= 174}",686,246,318,0.463556851311953,TRUE,"","NULL","",5.969
71,8317022,1,0.9,FALSE,NA,0,NA,0,41,0,"",686,246,291,0.424198250728863,TRUE,"","NULL","",5.009
72,8317023,1,0.9,FALSE,NA,0,NA,0,144,0,"",686,246,289,0.421282798833819,TRUE,"","NULL","",8.093
73,8317024,1,0.9,FALSE,NA,0,NA,0,27,0,"",686,246,299,0.435860058309038,TRUE,"","NULL","",4.769
74,8317025,1,0.9,FALSE,NA,1,0.98,7,106,7,"{pgr <= 2} & !{grade3}",686,246,296,0.431486880466472,TRUE,"","NULL","",5.761
75,8317026,1,0.9,FALSE,NA,0,NA,0,50,0,"",686,246,326,0.475218658892128,TRUE,"","NULL","",4.475
76,8317027,1,0.9,FALSE,NA,1,0.98,17,318,17,"{er <= 44} & !{pgr <= 77}",686,246,301,0.438775510204082,TRUE,"","NULL","",9.57
77,8317028,1,0.9,FALSE,NA,0,NA,0,34,0,"",686,246,257,0.37463556851312,TRUE,"","NULL","",4.919
78,8317029,1,0.9,FALSE,NA,0,NA,0,10,0,"",686,246,280,0.408163265306122,TRUE,"","NULL","",4.203
79,8317030,1,0.9,FALSE,NA,1,0.91,1,25,1,"{nodes <= 1} & {meno}",686,246,295,0.43002915451895,TRUE,"","NULL","",4.235
80,8317031,1,0.9,FALSE,NA,1,0.98,5,167,5,"!{age <= 53} & {er <= 17}",686,246,295,0.43002915451895,TRUE,"","NULL","",7.717
81,8317032,1,0.9,FALSE,NA,1,0.95,2,86,2,"{age <= 46} & !{pgr <= 16}",686,246,309,0.450437317784257,TRUE,"","NULL","",5.302
82,8317033,1,0.9,FALSE,NA,1,0.99,4,196,4,"!{nodes <= 3} & {er <= 3}",686,246,316,0.46064139941691,TRUE,"","NULL","",6.513
83,8317034,1,0.9,FALSE,NA,1,0.9,1,87,1,"{grade3} & {pgr <= 8}",686,246,323,0.470845481049563,TRUE,"","NULL","",4.547
84,8317035,1,0.9,FALSE,NA,1,0.99,3,285,3,"!{size <= 35} & {er <= 100}",686,246,305,0.444606413994169,TRUE,"","NULL","",9.455
85,8317036,1,0.9,FALSE,NA,0,NA,0,29,0,"",686,246,325,0.473760932944606,TRUE,"","NULL","",5.288
86,8317037,1,0.9,FALSE,NA,1,0.95,6,182,6,"!{age <= 61} & {er <= 294}",686,246,301,0.438775510204082,TRUE,"","NULL","",6.861
87,8317038,1,0.9,FALSE,NA,0,NA,0,171,0,"",686,246,300,0.43731778425656,TRUE,"","NULL","",4.677
88,8317039,1,0.9,FALSE,NA,0,NA,0,49,0,"",686,246,316,0.46064139941691,TRUE,"","NULL","",3.213
89,8317040,1,0.9,FALSE,NA,0,NA,0,42,0,"",686,246,296,0.431486880466472,TRUE,"","NULL","",6.156
90,8317041,1,0.9,FALSE,NA,0,NA,0,46,0,"",686,246,288,0.419825072886297,TRUE,"","NULL","",5.162
91,8317042,1,0.9,FALSE,NA,1,0.94,2,99,2,"!{er <= 100} & !{size <= 25}",686,246,288,0.419825072886297,TRUE,"","NULL","",5.75
92,8317043,1,0.9,FALSE,NA,1,0.91,2,140,2,"{nodes <= 3} & {er <= 100}",686,246,310,0.451895043731778,TRUE,"","NULL","",5.778
93,8317044,1,0.9,FALSE,NA,0,NA,0,278,0,"",686,246,291,0.424198250728863,TRUE,"","NULL","",9.095
94,8317045,1,0.9,FALSE,NA,0,NA,0,56,0,"",686,246,280,0.408163265306122,TRUE,"","NULL","",5.164
95,8317046,1,0.9,FALSE,NA,0,NA,0,136,0,"",686,246,312,0.454810495626822,TRUE,"","NULL","",6.276
96,8317047,1,0.9,FALSE,NA,1,0.97,6,191,6,"{size <= 20} & {age <= 53}",686,246,294,0.428571428571429,TRUE,"","NULL","",5.201
97,8317048,1,0.9,FALSE,NA,0,NA,0,2,0,"",686,246,315,0.459183673469388,TRUE,"","NULL","",5.246
98,8317049,1,0.9,FALSE,NA,0,NA,0,47,0,"",686,246,304,0.443148688046647,TRUE,"","NULL","",5.047
99,8317050,1,0.9,FALSE,NA,0,NA,0,94,0,"",686,246,309,0.450437317784257,TRUE,"","NULL","",5.456
100,8317051,1,0.9,FALSE,NA,1,0.99,4,197,4,"{nodes <= 1} & {pgr <= 16}",686,246,308,0.448979591836735,TRUE,"","NULL","",6.408
101,8317052,1,0.9,FALSE,NA,0,NA,0,76,0,"",686,246,274,0.399416909620991,TRUE,"","NULL","",6.5
102,8317053,1,0.9,FALSE,NA,1,0.96,2,117,2,"{pgr <= 8} & {size <= 29}",686,246,313,0.456268221574344,TRUE,"","NULL","",6.196
103,8317054,1,0.9,FALSE,NA,1,0.99,4,147,4,"{er <= 3} & !{pgr <= 0}",686,246,272,0.396501457725948,TRUE,"","NULL","",6.4
104,8317055,1,0.9,FALSE,NA,1,0.95,4,419,4,"{grade3} & !{pgr <= 2}",686,246,315,0.459183673469388,TRUE,"","NULL","",7.469
105,8317056,1,0.9,FALSE,NA,1,0.93,6,235,6,"{er <= 9} & !{er <= 3}",686,246,300,0.43731778425656,TRUE,"","NULL","",8.462
106,8317057,1,0.9,FALSE,NA,1,0.95,4,66,4,"{er <= 44} & !{er <= 9}",686,246,310,0.451895043731778,TRUE,"","NULL","",5.019
107,8317058,1,0.9,FALSE,NA,1,0.98,1,49,1,"!{size <= 35} & {nodes <= 5}",686,246,313,0.456268221574344,TRUE,"","NULL","",5.133
108,8317059,1,0.9,FALSE,NA,0,NA,0,38,0,"",686,246,289,0.421282798833819,TRUE,"","NULL","",4.143
109,8317060,1,0.9,FALSE,NA,1,0.98,11,228,11,"!{er <= 44} & {er <= 100}",686,246,288,0.419825072886297,TRUE,"","NULL","",8.47
110,8317061,1,0.9,FALSE,NA,1,0.95,3,118,3,"{age <= 46} & !{nodes <= 3}",686,246,297,0.432944606413994,TRUE,"","NULL","",5.65
111,8317062,1,0.9,FALSE,NA,0,NA,0,68,0,"",686,246,299,0.435860058309038,TRUE,"","NULL","",5.409
112,8317063,1,0.9,FALSE,NA,1,0.93,2,132,2,"{er <= 17} & !{pgr <= 16}",686,246,318,0.463556851311953,TRUE,"","NULL","",4.699
113,8317064,1,0.9,FALSE,NA,1,0.98,3,127,3,"!{pgr <= 45} & !{size <= 35}",686,246,302,0.440233236151603,TRUE,"","NULL","",7.61
114,8317065,1,0.9,FALSE,NA,1,0.98,11,417,11,"{size <= 29} & !{er <= 100}",686,246,272,0.396501457725948,TRUE,"","NULL","",9.307
115,8317066,1,0.9,FALSE,NA,0,NA,0,8,0,"",686,246,304,0.443148688046647,TRUE,"","NULL","",4.237
116,8317067,1,0.9,FALSE,NA,0,NA,0,39,0,"",686,246,304,0.443148688046647,TRUE,"","NULL","",3.51
117,8317068,1,0.9,FALSE,NA,0,NA,0,55,0,"",686,246,303,0.441690962099125,TRUE,"","NULL","",3.477
118,8317069,1,0.9,FALSE,NA,1,0.92,1,81,1,"{grade3} & !{nodes <= 1}",686,246,311,0.4533527696793,TRUE,"","NULL","",6.39
119,8317070,1,0.9,FALSE,NA,0,NA,0,24,0,"",686,246,296,0.431486880466472,TRUE,"","NULL","",4.828
120,8317071,1,0.9,FALSE,NA,0,NA,0,57,0,"",686,246,282,0.411078717201166,TRUE,"","NULL","",4.887
121,8317072,1,0.9,FALSE,NA,0,NA,0,14,0,"",686,246,299,0.435860058309038,TRUE,"","NULL","",4.615
122,8317073,1,0.9,FALSE,NA,0,NA,0,77,0,"",686,246,315,0.459183673469388,TRUE,"","NULL","",6.65
123,8317074,1,0.9,FALSE,NA,1,0.96,6,261,6,"!{pgr <= 45} & {size <= 20}",686,246,302,0.440233236151603,TRUE,"","NULL","",7.662
124,8317075,1,0.9,FALSE,NA,1,0.94,2,128,2,"{grade3} & !{pgr <= 8}",686,246,290,0.422740524781341,TRUE,"","NULL","",5.992
125,8317076,1,0.9,FALSE,NA,1,0.91,1,44,1,"{age <= 46} & {pgr <= 77}",686,246,283,0.412536443148688,TRUE,"","NULL","",3.749
126,8317077,1,0.9,FALSE,NA,1,0.96,4,106,4,"!{nodes <= 7} & {er <= 100}",686,246,309,0.450437317784257,TRUE,"","NULL","",7.131
127,8317078,1,0.9,FALSE,NA,0,NA,0,16,0,"",686,246,300,0.43731778425656,TRUE,"","NULL","",4.902
128,8317079,1,0.9,FALSE,NA,1,0.92,1,84,1,"!{pgr <= 45} & !{nodes <= 5}",686,246,297,0.432944606413994,TRUE,"","NULL","",5.648
129,8317080,1,0.9,FALSE,NA,0,NA,0,83,0,"",686,246,293,0.427113702623907,TRUE,"","NULL","Loglik converged before variable  1 ; coefficient may be infinite. ",5.157
130,8317081,1,0.9,FALSE,NA,1,1,47,300,47,"!{pgr <= 114} & {age <= 61}",686,246,295,0.43002915451895,TRUE,"","NULL","",9.462
131,8317082,1,0.9,FALSE,NA,1,0.94,3,98,3,"{pgr <= 26} & !{pgr <= 8}",686,246,268,0.39067055393586,TRUE,"","NULL","",5.669
132,8317083,1,0.9,FALSE,NA,0,NA,0,38,0,"",686,246,276,0.402332361516035,TRUE,"","NULL","",5.011
133,8317084,1,0.9,FALSE,NA,1,0.91,1,50,1,"!{pgr <= 184} & !{er <= 44}",686,246,283,0.412536443148688,TRUE,"","NULL","",3.82
134,8317085,1,0.9,FALSE,NA,0,NA,0,90,0,"",686,246,292,0.425655976676385,TRUE,"","NULL","",6.217
135,8317086,1,0.9,FALSE,NA,0,NA,0,16,0,"",686,246,315,0.459183673469388,TRUE,"","NULL","",4.842
136,8317087,1,0.9,FALSE,NA,0,NA,0,67,0,"",686,246,304,0.443148688046647,TRUE,"","NULL","",5.207
137,8317088,1,0.9,FALSE,NA,0,NA,0,6,0,"",686,246,280,0.408163265306122,TRUE,"","NULL","",4.169
138,8317089,1,0.9,FALSE,NA,1,0.91,1,32,1,"!{er <= 44} & !{size <= 35}",686,246,283,0.412536443148688,TRUE,"","NULL","",5.859
139,8317090,1,0.9,FALSE,NA,0,NA,0,37,0,"",686,246,289,0.421282798833819,TRUE,"","NULL","",4.921
140,8317091,1,0.9,FALSE,NA,1,0.91,2,172,2,"!{nodes <= 5} & !{er <= 44}",686,246,291,0.424198250728863,TRUE,"","NULL","",7.073
141,8317092,1,0.9,FALSE,NA,0,NA,0,73,0,"",686,246,313,0.456268221574344,TRUE,"","NULL","",4.788
142,8317093,1,0.9,FALSE,NA,1,0.98,2,93,2,"{age <= 61} & {pgr <= 0}",686,246,316,0.46064139941691,TRUE,"","NULL","",4.03
143,8317094,1,0.9,FALSE,NA,0,NA,0,46,0,"",686,246,303,0.441690962099125,TRUE,"","NULL","",5.958
144,8317095,1,0.9,FALSE,NA,0,NA,0,36,0,"",686,246,302,0.440233236151603,TRUE,"","NULL","",4.859
145,8317096,1,0.9,FALSE,NA,0,NA,0,6,0,"",686,246,321,0.467930029154519,TRUE,"","NULL","",4.381
146,8317097,1,0.9,FALSE,NA,0,NA,0,55,0,"",686,246,288,0.419825072886297,TRUE,"","NULL","",4.883
147,8317098,1,0.9,FALSE,NA,1,0.96,2,105,2,"!{er <= 294}",686,246,294,0.428571428571429,TRUE,"","NULL","",7.483
148,8317099,1,0.9,FALSE,NA,1,0.96,1,58,1,"!{er <= 3} & {er <= 9}",686,246,309,0.450437317784257,TRUE,"","NULL","",5.147
149,8317100,1,0.9,FALSE,NA,0,NA,0,162,0,"",686,246,318,0.463556851311953,TRUE,"","NULL","",6.775
150,8317101,1,0.9,FALSE,NA,1,0.93,1,59,1,"{age <= 46} & {pgr <= 45}",686,246,304,0.443148688046647,TRUE,"","NULL","",4.173
151,8317102,1,0.9,FALSE,NA,1,0.96,6,208,6,"!{pgr <= 77} & !{er <= 44}",686,246,276,0.402332361516035,TRUE,"","NULL","",8.015
152,8317103,1,0.9,FALSE,NA,0,NA,0,125,0,"",686,246,292,0.425655976676385,TRUE,"","NULL","",5.933
153,8317104,1,0.9,FALSE,NA,0,NA,0,84,0,"",686,246,306,0.446064139941691,TRUE,"","NULL","",5.533
154,8317105,1,0.9,FALSE,NA,0,NA,0,52,0,"",686,246,291,0.424198250728863,TRUE,"","NULL","",4.133
155,8317106,1,0.9,FALSE,NA,1,0.96,3,128,3,"!{nodes <= 3} & {nodes <= 5}",686,246,299,0.435860058309038,TRUE,"","NULL","",7.388
156,8317107,1,0.9,FALSE,NA,0,NA,0,21,0,"",686,246,292,0.425655976676385,TRUE,"","NULL","",4.561
157,8317108,1,0.9,FALSE,NA,1,0.91,1,233,1,"!{size <= 25} & !{er <= 174}",686,246,301,0.438775510204082,TRUE,"","NULL","",7.411
158,8317109,1,0.9,FALSE,NA,0,NA,0,13,0,"",686,246,309,0.450437317784257,TRUE,"","NULL","",3.718
159,8317110,1,0.9,FALSE,NA,0,NA,0,44,0,"",686,246,304,0.443148688046647,TRUE,"","NULL","",6.028
160,8317111,1,0.9,FALSE,NA,1,0.98,3,139,3,"!{age <= 53} & !{size <= 35}",686,246,310,0.451895043731778,TRUE,"","NULL","",6.257
161,8317112,1,0.9,FALSE,NA,0,NA,0,3,0,"",686,246,295,0.43002915451895,TRUE,"","NULL","",4.397
162,8317113,1,0.9,FALSE,NA,1,0.93,2,99,2,"{size <= 25} & {grade3}",686,246,284,0.41399416909621,TRUE,"","NULL","",5.194
163,8317114,1,0.9,FALSE,NA,0,NA,0,57,0,"",686,246,306,0.446064139941691,TRUE,"","NULL","",5.757
164,8317115,1,0.9,FALSE,NA,0,NA,0,29,0,"",686,246,285,0.415451895043732,TRUE,"","NULL","",4.774
165,8317116,1,0.9,FALSE,NA,1,0.99,2,75,2,"!{pgr <= 26} & !{nodes <= 5}",686,246,309,0.450437317784257,TRUE,"","NULL","",5.449
166,8317117,1,0.9,FALSE,NA,1,0.99,17,373,17,"{er <= 9} & {size <= 29}",686,246,299,0.435860058309038,TRUE,"","NULL","",7.737
167,8317118,1,0.9,FALSE,NA,0,NA,0,48,0,"",686,246,279,0.406705539358601,TRUE,"","NULL","",6.002
168,8317119,1,0.9,FALSE,NA,0,NA,0,4,0,"",686,246,272,0.396501457725948,TRUE,"","NULL","",4.262
169,8317120,1,0.9,FALSE,NA,1,0.94,1,129,1,"!{size <= 25} & {pgr <= 2}",686,246,314,0.457725947521866,TRUE,"","NULL","",6.598
170,8317121,1,0.9,FALSE,NA,1,0.93,3,86,3,"{age <= 53} & !{pgr <= 77}",686,246,304,0.443148688046647,TRUE,"","NULL","",5.078
171,8317122,1,0.9,FALSE,NA,0,NA,0,60,0,"",686,246,315,0.459183673469388,TRUE,"","NULL","",3.725
172,8317123,1,0.9,FALSE,NA,1,0.94,1,65,1,"{nodes <= 5} & !{size <= 35}",686,246,307,0.447521865889213,TRUE,"","NULL","",6.09
173,8317124,1,0.9,FALSE,NA,0,NA,0,255,0,"",686,246,289,0.421282798833819,TRUE,"","NULL","",7.616
174,8317125,1,0.9,FALSE,NA,0,NA,0,46,0,"",686,246,293,0.427113702623907,TRUE,"","NULL","",4.856
175,8317126,1,0.9,FALSE,NA,0,NA,0,16,0,"",686,246,305,0.444606413994169,TRUE,"","NULL","",4.141
176,8317127,1,0.9,FALSE,NA,0,NA,0,16,0,"",686,246,309,0.450437317784257,TRUE,"","NULL","",4.942
177,8317128,1,0.9,FALSE,NA,1,0.97,4,117,4,"{grade3} & !{age <= 53}",686,246,293,0.427113702623907,TRUE,"","NULL","",5.775
178,8317129,1,0.9,FALSE,NA,1,0.91,1,47,1,"{size <= 20} & !{age <= 53}",686,246,308,0.448979591836735,TRUE,"","NULL","",5.317
179,8317130,1,0.9,FALSE,NA,0,NA,0,17,0,"",686,246,316,0.46064139941691,TRUE,"","NULL","",4.33
180,8317131,1,0.9,FALSE,NA,0,NA,0,37,0,"",686,246,286,0.416909620991254,TRUE,"","NULL","",5.717
181,8317132,1,0.9,FALSE,NA,0,NA,0,13,0,"",686,246,310,0.451895043731778,TRUE,"","NULL","",4.989
182,8317133,1,0.9,FALSE,NA,0,NA,0,28,0,"",686,246,272,0.396501457725948,TRUE,"","NULL","",4.581
183,8317134,1,0.9,FALSE,NA,1,0.98,5,230,5,"!{size <= 35} & {pgr <= 114}",686,246,315,0.459183673469388,TRUE,"","NULL","",7.002
184,8317135,1,0.9,FALSE,NA,0,NA,0,69,0,"",686,246,309,0.450437317784257,TRUE,"","NULL","",6.26
185,8317136,1,0.9,FALSE,NA,1,0.98,2,122,2,"!{age <= 61} & {er <= 100}",686,246,319,0.465014577259475,TRUE,"","NULL","",6.517
186,8317137,1,0.9,FALSE,NA,1,0.97,3,129,3,"{pgr <= 16} & !{er <= 9}",686,246,315,0.459183673469388,TRUE,"","NULL","",6.274
187,8317138,1,0.9,FALSE,NA,0,NA,0,11,0,"",686,246,310,0.451895043731778,TRUE,"","NULL","",3.713
188,8317139,1,0.9,FALSE,NA,1,0.94,1,299,1,"!{er <= 30} & {er <= 70}",686,246,286,0.416909620991254,TRUE,"","NULL","",9.42
189,8317140,1,0.9,FALSE,NA,1,0.98,2,54,2,"{grade3} & !{pgr <= 8}",686,246,296,0.431486880466472,TRUE,"","NULL","",5.157
190,8317141,1,0.9,FALSE,NA,0,NA,0,85,0,"",686,246,319,0.465014577259475,TRUE,"","NULL","",5.697
191,8317142,1,0.9,FALSE,NA,1,0.9,1,134,1,"!{pgr <= 77} & {nodes <= 3}",686,246,312,0.454810495626822,TRUE,"","NULL","",4.774
192,8317143,1,0.9,FALSE,NA,1,0.99,2,35,2,"!{er <= 44} & {er <= 70}",686,246,291,0.424198250728863,TRUE,"","NULL","",5.737
193,8317144,1,0.9,FALSE,NA,0,NA,0,27,0,"",686,246,304,0.443148688046647,TRUE,"","NULL","",4.86
194,8317145,1,0.9,FALSE,NA,0,NA,0,123,0,"",686,246,313,0.456268221574344,TRUE,"","NULL","",6.078
195,8317146,1,0.9,FALSE,NA,0,NA,0,15,0,"",686,246,297,0.432944606413994,TRUE,"","NULL","",4.32
196,8317147,1,0.9,FALSE,NA,0,NA,0,33,0,"",686,246,289,0.421282798833819,TRUE,"","NULL","",3.456
197,8317148,1,0.9,FALSE,NA,0,NA,0,31,0,"",686,246,297,0.432944606413994,TRUE,"","NULL","",5.743
198,8317149,1,0.9,FALSE,NA,1,0.95,5,170,5,"{er <= 9} & !{nodes <= 1}",686,246,284,0.41399416909621,TRUE,"","NULL","",6.722
199,8317150,1,0.9,FALSE,NA,0,NA,0,149,0,"",686,246,306,0.446064139941691,TRUE,"","NULL","",5.904
200,8317151,1,0.9,FALSE,NA,0,NA,0,104,0,"",686,246,306,0.446064139941691,TRUE,"","NULL","",4.9
1,8316952,1,0.5,FALSE,NA,1,0.78,5,16,5,"!{size <= 35} & !{meno}",686,246,296,0.431486880466472,TRUE,"","NULL","",5.326
2,8316953,1,0.5,FALSE,NA,1,0.99,71,223,71,"{age <= 46} & {er <= 9}",686,246,280,0.408163265306122,TRUE,"","NULL","",7.629
3,8316954,1,0.5,FALSE,NA,1,0.93,64,159,64,"!{pgr <= 26} & !{er <= 100}",686,246,288,0.419825072886297,TRUE,"","NULL","",6.149
4,8316955,1,0.5,FALSE,NA,1,0.79,16,36,16,"{nodes <= 1} & !{pgr <= 16}",686,246,273,0.397959183673469,TRUE,"","NULL","",4.126
5,8316956,1,0.5,FALSE,NA,1,0.67,10,73,10,"{er <= 100} & {nodes <= 1}",686,246,307,0.447521865889213,TRUE,"","NULL","",5.741
6,8316957,1,0.5,FALSE,NA,1,0.97,26,103,26,"!{pgr <= 77} & {er <= 100}",686,246,284,0.41399416909621,TRUE,"","NULL","",5.759
7,8316958,1,0.5,FALSE,NA,1,0.92,27,46,27,"!{size <= 35} & {pgr <= 184}",686,246,298,0.434402332361516,TRUE,"","NULL","",5.039
8,8316959,1,0.5,FALSE,NA,1,0.57,3,14,3,"!{er <= 174} & {pgr <= 337}",686,246,296,0.431486880466472,TRUE,"","NULL","",4.368
9,8316960,1,0.5,FALSE,NA,1,1,94,164,94,"!{pgr <= 184} & {age <= 61}",686,246,291,0.424198250728863,TRUE,"","NULL","",4.757
10,8316961,1,0.5,FALSE,NA,1,0.98,49,148,49,"!{age <= 61} & {er <= 70}",686,246,280,0.408163265306122,TRUE,"","NULL","",7.239
11,8316962,1,0.5,FALSE,NA,1,0.97,47,162,47,"{er <= 17} & {size <= 20}",686,246,312,0.454810495626822,TRUE,"","NULL","",6.512
12,8316963,1,0.5,FALSE,NA,1,0.78,10,40,10,"!{pgr <= 16} & {er <= 30}",686,246,267,0.389212827988338,TRUE,"","NULL","",4.862
13,8316964,1,0.5,FALSE,NA,1,0.76,3,39,3,"!{age <= 61} & {pgr <= 45}",686,246,291,0.424198250728863,TRUE,"","NULL","",4.284
14,8316965,1,0.5,FALSE,NA,1,0.96,19,90,19,"!{age <= 53} & {er <= 17}",686,246,317,0.462099125364431,TRUE,"","NULL","",6.374
15,8316966,1,0.5,FALSE,NA,1,0.97,31,61,31,"!{age <= 61} & !{er <= 0}",686,246,295,0.43002915451895,TRUE,"","NULL","",5.244
16,8316967,1,0.5,FALSE,NA,1,0.88,12,39,12,"!{grade3} & !{size <= 35}",686,246,285,0.415451895043732,TRUE,"","NULL","",4.791
17,8316968,1,0.5,FALSE,NA,1,0.95,33,104,33,"{er <= 70} & !{pgr <= 45}",686,246,300,0.43731778425656,TRUE,"","NULL","",5.444
18,8316969,1,0.5,FALSE,NA,1,0.73,1,16,1,"{size <= 20} & {nodes <= 1}",686,246,291,0.424198250728863,TRUE,"","NULL","",5.416
19,8316970,1,0.5,FALSE,NA,1,0.88,24,114,24,"{nodes <= 3} & !{pgr <= 77}",686,246,317,0.462099125364431,TRUE,"","NULL","",6.345
20,8316971,1,0.5,FALSE,NA,1,0.81,13,78,13,"!{er <= 44} & {pgr <= 114}",686,246,315,0.459183673469388,TRUE,"","NULL","",5.616
21,8316972,1,0.5,FALSE,NA,1,0.91,14,99,14,"!{pgr <= 16} & {er <= 17}",686,246,327,0.47667638483965,TRUE,"","NULL","",5.374
22,8316973,1,0.5,FALSE,NA,1,0.89,11,64,11,"{age <= 46} & !{er <= 9}",686,246,298,0.434402332361516,TRUE,"","NULL","",6.686
23,8316974,1,0.5,FALSE,NA,1,0.55,1,27,1,"{grade3} & !{meno}",686,246,324,0.472303206997085,TRUE,"","NULL","",5.049
24,8316975,1,0.5,FALSE,NA,1,0.76,14,57,14,"!{nodes <= 3} & !{meno}",686,246,277,0.403790087463557,TRUE,"","NULL","",5.111
25,8316976,1,0.5,FALSE,NA,1,0.88,17,66,17,"{size <= 35} & !{pgr <= 184}",686,246,283,0.412536443148688,TRUE,"","NULL","",5.153
26,8316977,1,0.5,FALSE,NA,1,0.94,14,92,14,"{er <= 3} & {nodes <= 7}",686,246,306,0.446064139941691,TRUE,"","NULL","",6.178
27,8316978,1,0.5,FALSE,NA,1,0.68,9,87,9,"{age <= 46} & !{nodes <= 1}",686,246,310,0.451895043731778,TRUE,"","NULL","",5.839
28,8316979,1,0.5,FALSE,NA,1,0.98,112,358,112,"{pgr <= 2} & {nodes <= 5}",686,246,330,0.481049562682216,TRUE,"","NULL","",9.266
29,8316980,1,0.5,FALSE,NA,1,0.88,5,31,5,"{nodes <= 7} & {pgr <= 0}",686,246,293,0.427113702623907,TRUE,"","NULL","",3.553
30,8316981,1,0.5,FALSE,NA,1,0.76,8,46,8,"{er <= 44} & !{pgr <= 16}",686,246,304,0.443148688046647,TRUE,"","NULL","",5.747
31,8316982,1,0.5,FALSE,NA,0,NA,0,1,0,"",686,246,322,0.469387755102041,TRUE,"","NULL","",4.668
32,8316983,1,0.5,FALSE,NA,1,0.8,24,169,24,"{nodes <= 1} & {size <= 35}",686,246,291,0.424198250728863,TRUE,"","NULL","",6.532
33,8316984,1,0.5,FALSE,NA,1,0.9,5,36,5,"{pgr <= 2} & !{nodes <= 1}",686,246,295,0.43002915451895,TRUE,"","NULL","",4.846
34,8316985,1,0.5,FALSE,NA,1,0.68,4,54,4,"{nodes <= 1} & !{size <= 20}",686,246,325,0.473760932944606,TRUE,"","NULL","",3.857
35,8316986,1,0.5,FALSE,NA,1,0.95,53,213,53,"{er <= 17} & !{er <= 9}",686,246,302,0.440233236151603,TRUE,"","NULL","",8.279
36,8316987,1,0.5,FALSE,NA,1,1,37,154,37,"!{er <= 30} & {pgr <= 45}",686,246,286,0.416909620991254,TRUE,"","NULL","",6.234
37,8316988,1,0.5,FALSE,NA,1,1,49,179,49,"{er <= 70} & {pgr <= 0}",686,246,304,0.443148688046647,TRUE,"","NULL","",6.627
38,8316989,1,0.5,FALSE,NA,1,0.73,5,60,5,"!{pgr <= 77} & {pgr <= 184}",686,246,310,0.451895043731778,TRUE,"","NULL","",3.932
39,8316990,1,0.5,FALSE,NA,1,0.99,167,412,167,"{nodes <= 1} & !{pgr <= 16}",686,246,289,0.421282798833819,TRUE,"","NULL","",10.609
40,8316991,1,0.5,FALSE,NA,1,0.65,2,27,2,"!{pgr <= 114} & !{nodes <= 1}",686,246,293,0.427113702623907,TRUE,"","NULL","",4.671
41,8316992,1,0.5,FALSE,NA,1,0.85,11,79,11,"{size <= 25} & {er <= 17}",686,246,315,0.459183673469388,TRUE,"","NULL","",5.337
42,8316993,1,0.5,FALSE,NA,1,0.93,7,56,7,"{nodes <= 5} & !{nodes <= 3}",686,246,282,0.411078717201166,TRUE,"","NULL","",4.178
43,8316994,1,0.5,FALSE,NA,1,0.72,2,23,2,"!{er <= 174} & {nodes <= 7}",686,246,274,0.399416909620991,TRUE,"","NULL","",5.416
44,8316995,1,0.5,FALSE,NA,1,0.91,23,92,23,"{nodes <= 1} & {pgr <= 45}",686,246,289,0.421282798833819,TRUE,"","NULL","",5.821
45,8316996,1,0.5,FALSE,NA,0,NA,0,4,0,"",686,246,312,0.454810495626822,TRUE,"","NULL","",4.299
46,8316997,1,0.5,FALSE,NA,1,0.65,1,14,1,"!{nodes <= 3} & !{age <= 61}",686,246,313,0.456268221574344,TRUE,"","NULL","",4.827
47,8316998,1,0.5,FALSE,NA,1,0.58,2,10,2,"{pgr <= 2} & {nodes <= 5}",686,246,296,0.431486880466472,TRUE,"","NULL","",5.305
48,8316999,1,0.5,FALSE,NA,0,NA,0,9,0,"",686,246,279,0.406705539358601,TRUE,"","NULL","",4.45
49,8317000,1,0.5,FALSE,NA,1,0.72,2,63,2,"{nodes <= 5} & {pgr <= 2}",686,246,332,0.483965014577259,TRUE,"","NULL","",5.379
50,8317001,1,0.5,FALSE,NA,1,0.64,2,32,2,"{size <= 25} & {pgr <= 26}",686,246,292,0.425655976676385,TRUE,"","NULL","",4.675
51,8317002,1,0.5,FALSE,NA,1,0.84,8,31,8,"{nodes <= 5} & {er <= 9}",686,246,297,0.432944606413994,TRUE,"","NULL","",5.959
52,8317003,1,0.5,FALSE,NA,1,0.8,2,20,2,"!{pgr <= 16} & !{nodes <= 7}",686,246,310,0.451895043731778,TRUE,"","NULL","",5.02
53,8317004,1,0.5,FALSE,NA,1,0.88,29,127,29,"!{age <= 53} & !{er <= 174}",686,246,320,0.466472303206997,TRUE,"","NULL","",6.397
54,8317005,1,0.5,FALSE,NA,1,0.78,2,12,2,"{pgr <= 26} & !{pgr <= 16}",686,246,296,0.431486880466472,TRUE,"","NULL","",4.478
55,8317006,1,0.5,FALSE,NA,1,0.57,1,3,1,"!{er <= 30} & {er <= 70}",686,246,309,0.450437317784257,TRUE,"","NULL","",5.617
56,8317007,1,0.5,FALSE,NA,1,0.8,14,94,14,"{nodes <= 3} & !{pgr <= 45}",686,246,302,0.440233236151603,TRUE,"","NULL","",6.234
57,8317008,1,0.5,FALSE,NA,1,0.93,50,221,50,"!{pgr <= 184} & {nodes <= 7}",686,246,284,0.41399416909621,TRUE,"","NULL","",7.142
58,8317009,1,0.5,FALSE,NA,1,0.61,11,53,11,"!{size <= 29} & {pgr <= 77}",686,246,312,0.454810495626822,TRUE,"","NULL","",4.437
59,8317010,1,0.5,FALSE,NA,1,0.94,14,37,14,"{age <= 46} & {er <= 17}",686,246,308,0.448979591836735,TRUE,"","NULL","",5.965
60,8317011,1,0.5,FALSE,NA,1,0.95,54,154,54,"{age <= 46} & {er <= 30}",686,246,300,0.43731778425656,TRUE,"","NULL","",6.699
61,8317012,1,0.5,FALSE,NA,1,0.96,97,287,97,"{nodes <= 3} & {pgr <= 8}",686,246,300,0.43731778425656,TRUE,"","NULL","",7.89
62,8317013,1,0.5,FALSE,NA,1,0.99,20,84,20,"{er <= 17} & !{er <= 9}",686,246,291,0.424198250728863,TRUE,"","NULL","",4.151
63,8317014,1,0.5,FALSE,NA,1,0.98,206,484,206,"!{pgr <= 77} & !{nodes <= 3}",686,246,293,0.427113702623907,TRUE,"","NULL","",6.375
64,8317015,1,0.5,FALSE,NA,1,0.88,26,91,26,"!{pgr <= 114} & {er <= 294}",686,246,306,0.446064139941691,TRUE,"","NULL","",6.2
65,8317016,1,0.5,FALSE,NA,1,0.91,17,85,17,"!{age <= 61} & !{size <= 25}",686,246,286,0.416909620991254,TRUE,"","NULL","",5.623
66,8317017,1,0.5,FALSE,NA,0,NA,0,9,0,"",686,246,287,0.418367346938776,TRUE,"","NULL","",4.324
67,8317018,1,0.5,FALSE,NA,1,0.85,5,32,5,"{nodes <= 7} & {er <= 0}",686,246,305,0.444606413994169,TRUE,"","NULL","",4.785
68,8317019,1,0.5,FALSE,NA,1,0.84,14,60,14,"{age <= 61} & !{age <= 53}",686,246,299,0.435860058309038,TRUE,"","NULL","",6.239
69,8317020,1,0.5,FALSE,NA,0,NA,0,2,0,"",686,246,291,0.424198250728863,TRUE,"","NULL","",4.481
70,8317021,1,0.5,FALSE,NA,1,0.98,32,116,32,"!{age <= 61} & !{er <= 174}",686,246,318,0.463556851311953,TRUE,"","NULL","",6.175
71,8317022,1,0.5,FALSE,NA,1,0.84,11,41,11,"{size <= 20} & !{er <= 3}",686,246,291,0.424198250728863,TRUE,"","NULL","",5.069
72,8317023,1,0.5,FALSE,NA,1,0.87,31,144,31,"{nodes <= 3} & !{pgr <= 77}",686,246,289,0.421282798833819,TRUE,"","NULL","",7.704
73,8317024,1,0.5,FALSE,NA,1,0.74,8,27,8,"!{size <= 25} & !{pgr <= 26}",686,246,299,0.435860058309038,TRUE,"","NULL","",4.649
74,8317025,1,0.5,FALSE,NA,1,0.98,37,106,37,"{pgr <= 2} & !{grade3}",686,246,296,0.431486880466472,TRUE,"","NULL","",5.92
75,8317026,1,0.5,FALSE,NA,1,0.75,16,50,16,"!{pgr <= 184} & !{grade3}",686,246,326,0.475218658892128,TRUE,"","NULL","",4.461
76,8317027,1,0.5,FALSE,NA,1,0.98,139,318,139,"{er <= 44} & !{pgr <= 77}",686,246,301,0.438775510204082,TRUE,"","NULL","",9.628
77,8317028,1,0.5,FALSE,NA,1,0.6,4,34,4,"!{pgr <= 77} & {er <= 70}",686,246,257,0.37463556851312,TRUE,"","NULL","",5.121
78,8317029,1,0.5,FALSE,NA,1,0.56,2,10,2,"{size <= 20} & {er <= 30}",686,246,280,0.408163265306122,TRUE,"","NULL","",4.512
79,8317030,1,0.5,FALSE,NA,1,0.91,3,25,3,"{nodes <= 1} & {size <= 25}",686,246,295,0.43002915451895,TRUE,"","NULL","",4.066
80,8317031,1,0.5,FALSE,NA,1,0.98,53,167,53,"!{age <= 53} & {er <= 17}",686,246,295,0.43002915451895,TRUE,"","NULL","",8.167
81,8317032,1,0.5,FALSE,NA,1,0.95,31,86,31,"{age <= 46} & !{pgr <= 16}",686,246,309,0.450437317784257,TRUE,"","NULL","",5.522
82,8317033,1,0.5,FALSE,NA,1,0.99,53,196,53,"{age <= 46} & !{er <= 30}",686,246,316,0.46064139941691,TRUE,"","NULL","",6.734
83,8317034,1,0.5,FALSE,NA,1,0.9,25,87,25,"{pgr <= 2} & {age <= 61}",686,246,323,0.470845481049563,TRUE,"","NULL","",4.4
84,8317035,1,0.5,FALSE,NA,1,0.99,64,285,64,"!{size <= 35} & {er <= 100}",686,246,305,0.444606413994169,TRUE,"","NULL","",9.455
85,8317036,1,0.5,FALSE,NA,1,0.71,7,29,7,"{age <= 46} & {nodes <= 3}",686,246,325,0.473760932944606,TRUE,"","NULL","",5.089
86,8317037,1,0.5,FALSE,NA,1,0.95,43,182,43,"!{age <= 61} & !{pgr <= 0}",686,246,301,0.438775510204082,TRUE,"","NULL","",6.719
87,8317038,1,0.5,FALSE,NA,1,0.88,30,171,30,"!{pgr <= 77} & {pgr <= 184}",686,246,300,0.43731778425656,TRUE,"","NULL","",4.964
88,8317039,1,0.5,FALSE,NA,1,0.88,10,49,10,"{nodes <= 3} & !{size <= 29}",686,246,316,0.46064139941691,TRUE,"","NULL","",3.116
89,8317040,1,0.5,FALSE,NA,1,0.86,8,42,8,"!{pgr <= 114} & !{er <= 70}",686,246,296,0.431486880466472,TRUE,"","NULL","",5.986
90,8317041,1,0.5,FALSE,NA,1,0.79,9,46,9,"{grade3} & !{pgr <= 2}",686,246,288,0.419825072886297,TRUE,"","NULL","",5.239
91,8317042,1,0.5,FALSE,NA,1,0.94,21,99,21,"!{pgr <= 77} & !{size <= 20}",686,246,288,0.419825072886297,TRUE,"","NULL","",5.719
92,8317043,1,0.5,FALSE,NA,1,0.91,34,140,34,"{nodes <= 3} & {er <= 70}",686,246,310,0.451895043731778,TRUE,"","NULL","",5.873
93,8317044,1,0.5,FALSE,NA,1,0.85,62,278,62,"{size <= 29} & !{meno}",686,246,291,0.424198250728863,TRUE,"","NULL","",9.246
94,8317045,1,0.5,FALSE,NA,1,0.87,9,56,9,"{nodes <= 1} & !{er <= 0}",686,246,280,0.408163265306122,TRUE,"","NULL","",5.149
95,8317046,1,0.5,FALSE,NA,1,0.82,18,136,18,"{size <= 25} & !{pgr <= 16}",686,246,312,0.454810495626822,TRUE,"","NULL","",6.444
96,8317047,1,0.5,FALSE,NA,1,0.97,72,191,72,"!{meno} & !{pgr <= 77}",686,246,294,0.428571428571429,TRUE,"","NULL","",5.08
97,8317048,1,0.5,FALSE,NA,0,NA,0,2,0,"",686,246,315,0.459183673469388,TRUE,"","NULL","",5.285
98,8317049,1,0.5,FALSE,NA,1,0.86,9,47,9,"{pgr <= 2} & {size <= 29}",686,246,304,0.443148688046647,TRUE,"","NULL","",5.175
99,8317050,1,0.5,FALSE,NA,1,0.85,18,94,18,"!{er <= 70} & !{pgr <= 114}",686,246,309,0.450437317784257,TRUE,"","NULL","",5.469
100,8317051,1,0.5,FALSE,NA,1,0.99,36,197,36,"{nodes <= 1} & {pgr <= 16}",686,246,308,0.448979591836735,TRUE,"","NULL","",6.599
101,8317052,1,0.5,FALSE,NA,1,0.8,14,76,14,"{grade3} & {er <= 70}",686,246,274,0.399416909620991,TRUE,"","NULL","",6.179
102,8317053,1,0.5,FALSE,NA,1,0.96,27,117,27,"{pgr <= 8} & {size <= 29}",686,246,313,0.456268221574344,TRUE,"","NULL","",6.068
103,8317054,1,0.5,FALSE,NA,1,0.99,29,147,29,"{er <= 3} & !{pgr <= 0}",686,246,272,0.396501457725948,TRUE,"","NULL","",6.055
104,8317055,1,0.5,FALSE,NA,1,0.95,129,419,129,"{grade3} & !{pgr <= 2}",686,246,315,0.459183673469388,TRUE,"","NULL","",7.556
105,8317056,1,0.5,FALSE,NA,1,0.93,94,235,94,"!{nodes <= 1} & {er <= 3}",686,246,300,0.43731778425656,TRUE,"","NULL","",8.152
106,8317057,1,0.5,FALSE,NA,1,0.95,21,66,21,"{er <= 44} & !{er <= 9}",686,246,310,0.451895043731778,TRUE,"","NULL","",5.002
107,8317058,1,0.5,FALSE,NA,1,0.98,22,49,22,"!{size <= 35} & {nodes <= 5}",686,246,313,0.456268221574344,TRUE,"","NULL","",5.101
108,8317059,1,0.5,FALSE,NA,1,0.77,6,38,6,"{nodes <= 3} & !{er <= 70}",686,246,289,0.421282798833819,TRUE,"","NULL","",4.142
109,8317060,1,0.5,FALSE,NA,1,0.98,62,228,62,"!{er <= 44} & {er <= 100}",686,246,288,0.419825072886297,TRUE,"","NULL","",8.565
110,8317061,1,0.5,FALSE,NA,1,0.95,45,118,45,"{age <= 46} & !{nodes <= 3}",686,246,297,0.432944606413994,TRUE,"","NULL","",5.858
111,8317062,1,0.5,FALSE,NA,1,0.84,19,68,19,"{pgr <= 8} & !{size <= 20}",686,246,299,0.435860058309038,TRUE,"","NULL","",5.425
112,8317063,1,0.5,FALSE,NA,1,0.93,40,132,40,"{er <= 17} & !{pgr <= 16}",686,246,318,0.463556851311953,TRUE,"","NULL","",4.65
113,8317064,1,0.5,FALSE,NA,1,0.98,25,127,25,"!{pgr <= 45} & !{size <= 35}",686,246,302,0.440233236151603,TRUE,"","NULL","",7.42
114,8317065,1,0.5,FALSE,NA,1,0.98,115,417,115,"{size <= 29} & !{er <= 100}",686,246,272,0.396501457725948,TRUE,"","NULL","",9.406
115,8317066,1,0.5,FALSE,NA,0,NA,0,8,0,"",686,246,304,0.443148688046647,TRUE,"","NULL","",4.482
116,8317067,1,0.5,FALSE,NA,1,0.58,1,39,1,"!{pgr <= 0} & {er <= 3}",686,246,304,0.443148688046647,TRUE,"","NULL","",3.606
117,8317068,1,0.5,FALSE,NA,1,0.84,14,55,14,"!{age <= 61} & {size <= 29}",686,246,303,0.441690962099125,TRUE,"","NULL","",3.413
118,8317069,1,0.5,FALSE,NA,1,0.92,27,81,27,"{grade3} & !{size <= 20}",686,246,311,0.4533527696793,TRUE,"","NULL","",6.613
119,8317070,1,0.5,FALSE,NA,0,NA,0,24,0,"",686,246,296,0.431486880466472,TRUE,"","NULL","",5.043
120,8317071,1,0.5,FALSE,NA,1,0.88,11,57,11,"!{nodes <= 1} & !{er <= 100}",686,246,282,0.411078717201166,TRUE,"","NULL","",5.152
121,8317072,1,0.5,FALSE,NA,0,NA,0,14,0,"",686,246,299,0.435860058309038,TRUE,"","NULL","",4.696
122,8317073,1,0.5,FALSE,NA,1,0.81,8,77,8,"{age <= 46} & {pgr <= 114}",686,246,315,0.459183673469388,TRUE,"","NULL","",6.602
123,8317074,1,0.5,FALSE,NA,1,0.96,114,261,114,"!{pgr <= 45} & {size <= 20}",686,246,302,0.440233236151603,TRUE,"","NULL","",7.637
124,8317075,1,0.5,FALSE,NA,1,0.94,43,128,43,"!{er <= 174} & {meno}",686,246,290,0.422740524781341,TRUE,"","NULL","",5.794
125,8317076,1,0.5,FALSE,NA,1,0.91,8,44,8,"{age <= 46} & {pgr <= 77}",686,246,283,0.412536443148688,TRUE,"","NULL","",3.911
126,8317077,1,0.5,FALSE,NA,1,0.96,39,106,39,"!{nodes <= 7} & {er <= 100}",686,246,309,0.450437317784257,TRUE,"","NULL","",7.051
127,8317078,1,0.5,FALSE,NA,0,NA,0,16,0,"",686,246,300,0.43731778425656,TRUE,"","NULL","",4.466
128,8317079,1,0.5,FALSE,NA,1,0.92,17,84,17,"!{pgr <= 26} & !{nodes <= 5}",686,246,297,0.432944606413994,TRUE,"","NULL","",5.269
129,8317080,1,0.5,FALSE,NA,1,0.77,6,83,6,"{nodes <= 1} & !{pgr <= 8}",686,246,293,0.427113702623907,TRUE,"","NULL","Loglik converged before variable  1 ; coefficient may be infinite. ",5.159
130,8317081,1,0.5,FALSE,NA,1,1,161,300,161,"!{pgr <= 114} & {age <= 61}",686,246,295,0.43002915451895,TRUE,"","NULL","",8.928
131,8317082,1,0.5,FALSE,NA,1,0.94,22,98,22,"{pgr <= 26} & !{pgr <= 8}",686,246,268,0.39067055393586,TRUE,"","NULL","",5.485
132,8317083,1,0.5,FALSE,NA,1,0.57,4,38,4,"{age <= 46} & {pgr <= 45}",686,246,276,0.402332361516035,TRUE,"","NULL","",5.017
133,8317084,1,0.5,FALSE,NA,1,0.91,10,50,10,"!{pgr <= 184}",686,246,283,0.412536443148688,TRUE,"","NULL","",3.982
134,8317085,1,0.5,FALSE,NA,1,0.77,10,90,10,"{age <= 53} & !{nodes <= 3}",686,246,292,0.425655976676385,TRUE,"","NULL","",6.428
135,8317086,1,0.5,FALSE,NA,1,0.62,1,16,1,"{nodes <= 5} & {er <= 3}",686,246,315,0.459183673469388,TRUE,"","NULL","",4.978
136,8317087,1,0.5,FALSE,NA,1,0.82,7,67,7,"!{pgr <= 114} & {er <= 174}",686,246,304,0.443148688046647,TRUE,"","NULL","",5.152
137,8317088,1,0.5,FALSE,NA,1,0.7,1,6,1,"{nodes <= 1} & {er <= 17}",686,246,280,0.408163265306122,TRUE,"","NULL","",4.38
138,8317089,1,0.5,FALSE,NA,1,0.91,5,32,5,"!{er <= 30} & !{size <= 35}",686,246,283,0.412536443148688,TRUE,"","NULL","",5.548
139,8317090,1,0.5,FALSE,NA,1,0.86,8,37,8,"!{age <= 61} & !{pgr <= 8}",686,246,289,0.421282798833819,TRUE,"","NULL","",4.795
140,8317091,1,0.5,FALSE,NA,1,0.91,39,172,39,"!{pgr <= 184} & !{er <= 17}",686,246,291,0.424198250728863,TRUE,"","NULL","",6.522
141,8317092,1,0.5,FALSE,NA,1,0.79,11,73,11,"{er <= 70} & !{pgr <= 77}",686,246,313,0.456268221574344,TRUE,"","NULL","",5.293
142,8317093,1,0.5,FALSE,NA,1,0.98,22,93,22,"{age <= 61} & {pgr <= 0}",686,246,316,0.46064139941691,TRUE,"","NULL","",3.84
143,8317094,1,0.5,FALSE,NA,1,0.88,12,46,12,"!{pgr <= 184} & !{age <= 46}",686,246,303,0.441690962099125,TRUE,"","NULL","",5.98
144,8317095,1,0.5,FALSE,NA,1,0.87,13,36,13,"!{nodes <= 7} & !{size <= 20}",686,246,302,0.440233236151603,TRUE,"","NULL","",4.85
145,8317096,1,0.5,FALSE,NA,1,0.66,1,6,1,"{age <= 46} & {size <= 25}",686,246,321,0.467930029154519,TRUE,"","NULL","",4.79
146,8317097,1,0.5,FALSE,NA,1,0.75,10,55,10,"!{pgr <= 184}",686,246,288,0.419825072886297,TRUE,"","NULL","",4.76
147,8317098,1,0.5,FALSE,NA,1,0.96,27,105,27,"!{er <= 294}",686,246,294,0.428571428571429,TRUE,"","NULL","",7.374
148,8317099,1,0.5,FALSE,NA,1,0.96,18,58,18,"{nodes <= 5} & {pgr <= 2}",686,246,309,0.450437317784257,TRUE,"","NULL","",5.243
149,8317100,1,0.5,FALSE,NA,1,0.82,39,162,39,"!{grade3} & !{er <= 174}",686,246,318,0.463556851311953,TRUE,"","NULL","",6.87
150,8317101,1,0.5,FALSE,NA,1,0.93,11,59,11,"{age <= 46} & {pgr <= 45}",686,246,304,0.443148688046647,TRUE,"","NULL","",4.305
151,8317102,1,0.5,FALSE,NA,1,0.96,77,208,77,"!{pgr <= 77} & !{er <= 44}",686,246,276,0.402332361516035,TRUE,"","NULL","",8.222
152,8317103,1,0.5,FALSE,NA,1,0.87,29,125,29,"!{pgr <= 114} & {er <= 294}",686,246,292,0.425655976676385,TRUE,"","NULL","",5.799
153,8317104,1,0.5,FALSE,NA,1,0.79,17,84,17,"!{pgr <= 77} & {pgr <= 184}",686,246,306,0.446064139941691,TRUE,"","NULL","",5.429
154,8317105,1,0.5,FALSE,NA,1,0.83,12,52,12,"{nodes <= 3} & {pgr <= 8}",686,246,291,0.424198250728863,TRUE,"","NULL","",4.097
155,8317106,1,0.5,FALSE,NA,1,0.96,28,128,28,"!{nodes <= 3} & {nodes <= 5}",686,246,299,0.435860058309038,TRUE,"","NULL","",7.691
156,8317107,1,0.5,FALSE,NA,1,0.81,3,21,3,"{nodes <= 1} & {size <= 29}",686,246,292,0.425655976676385,TRUE,"","NULL","",4.548
157,8317108,1,0.5,FALSE,NA,1,0.91,64,233,64,"!{pgr <= 114} & !{age <= 46}",686,246,301,0.438775510204082,TRUE,"","NULL","",7.611
158,8317109,1,0.5,FALSE,NA,0,NA,0,13,0,"",686,246,309,0.450437317784257,TRUE,"","NULL","",3.725
159,8317110,1,0.5,FALSE,NA,1,0.61,2,44,2,"!{age <= 61} & !{pgr <= 77}",686,246,304,0.443148688046647,TRUE,"","NULL","",6.206
160,8317111,1,0.5,FALSE,NA,1,0.98,27,139,27,"!{age <= 53} & !{size <= 35}",686,246,310,0.451895043731778,TRUE,"","NULL","",6.522
161,8317112,1,0.5,FALSE,NA,1,0.65,1,3,1,"!{pgr <= 114} & {pgr <= 184}",686,246,295,0.43002915451895,TRUE,"","NULL","",4.665
162,8317113,1,0.5,FALSE,NA,1,0.93,25,99,25,"{size <= 25} & {grade3}",686,246,284,0.41399416909621,TRUE,"","NULL","",5.117
163,8317114,1,0.5,FALSE,NA,1,0.63,3,57,3,"!{size <= 25} & !{er <= 100}",686,246,306,0.446064139941691,TRUE,"","NULL","",6.053
164,8317115,1,0.5,FALSE,NA,1,0.72,3,29,3,"!{er <= 70} & {size <= 25}",686,246,285,0.415451895043732,TRUE,"","NULL","",4.9
165,8317116,1,0.5,FALSE,NA,1,0.99,21,75,21,"!{pgr <= 26} & !{nodes <= 5}",686,246,309,0.450437317784257,TRUE,"","NULL","",5.596
166,8317117,1,0.5,FALSE,NA,1,0.99,124,373,124,"{er <= 9} & {size <= 29}",686,246,299,0.435860058309038,TRUE,"","NULL","",8.056
167,8317118,1,0.5,FALSE,NA,1,0.79,8,48,8,"{size <= 20} & {age <= 53}",686,246,279,0.406705539358601,TRUE,"","NULL","",6.264
168,8317119,1,0.5,FALSE,NA,0,NA,0,4,0,"",686,246,272,0.396501457725948,TRUE,"","NULL","",4.238
169,8317120,1,0.5,FALSE,NA,1,0.94,22,129,22,"!{pgr <= 184} & !{age <= 46}",686,246,314,0.457725947521866,TRUE,"","NULL","",6.258
170,8317121,1,0.5,FALSE,NA,1,0.93,25,86,25,"{age <= 53} & !{pgr <= 77}",686,246,304,0.443148688046647,TRUE,"","NULL","",5.551
171,8317122,1,0.5,FALSE,NA,1,0.71,4,60,4,"{er <= 294} & !{er <= 100}",686,246,315,0.459183673469388,TRUE,"","NULL","",3.733
172,8317123,1,0.5,FALSE,NA,1,0.94,15,65,15,"{nodes <= 5} & !{size <= 35}",686,246,307,0.447521865889213,TRUE,"","NULL","",6.273
173,8317124,1,0.5,FALSE,NA,1,0.87,60,255,60,"{size <= 29} & {meno}",686,246,289,0.421282798833819,TRUE,"","NULL","",7.477
174,8317125,1,0.5,FALSE,NA,1,0.82,8,46,8,"{er <= 30} & !{pgr <= 26}",686,246,293,0.427113702623907,TRUE,"","NULL","",4.844
175,8317126,1,0.5,FALSE,NA,0,NA,0,16,0,"",686,246,305,0.444606413994169,TRUE,"","NULL","",4.221
176,8317127,1,0.5,FALSE,NA,1,0.54,1,16,1,"!{er <= 44} & {pgr <= 26}",686,246,309,0.450437317784257,TRUE,"","NULL","",5.256
177,8317128,1,0.5,FALSE,NA,1,0.97,41,117,41,"{grade3} & !{age <= 53}",686,246,293,0.427113702623907,TRUE,"","NULL","",6.01
178,8317129,1,0.5,FALSE,NA,1,0.91,6,47,6,"!{age <= 53} & {nodes <= 1}",686,246,308,0.448979591836735,TRUE,"","NULL","",5.28
179,8317130,1,0.5,FALSE,NA,1,0.66,1,17,1,"!{er <= 70} & !{nodes <= 5}",686,246,316,0.46064139941691,TRUE,"","NULL","",4.725
180,8317131,1,0.5,FALSE,NA,1,0.66,3,37,3,"{er <= 70} & !{er <= 9}",686,246,286,0.416909620991254,TRUE,"","NULL","",5.901
181,8317132,1,0.5,FALSE,NA,1,0.55,1,13,1,"!{pgr <= 184} & {nodes <= 7}",686,246,310,0.451895043731778,TRUE,"","NULL","",5.229
182,8317133,1,0.5,FALSE,NA,1,0.85,5,28,5,"{nodes <= 1} & {er <= 44}",686,246,272,0.396501457725948,TRUE,"","NULL","",4.819
183,8317134,1,0.5,FALSE,NA,1,0.98,75,230,75,"!{size <= 35} & {er <= 294}",686,246,315,0.459183673469388,TRUE,"","NULL","",6.96
184,8317135,1,0.5,FALSE,NA,1,0.76,14,69,14,"{size <= 29} & {er <= 70}",686,246,309,0.450437317784257,TRUE,"","NULL","",6.364
185,8317136,1,0.5,FALSE,NA,1,0.98,17,122,17,"{nodes <= 1} & {size <= 25}",686,246,319,0.465014577259475,TRUE,"","NULL","",6.237
186,8317137,1,0.5,FALSE,NA,1,0.97,32,129,32,"{pgr <= 16} & !{er <= 9}",686,246,315,0.459183673469388,TRUE,"","NULL","",6.027
187,8317138,1,0.5,FALSE,NA,1,0.54,2,11,2,"!{pgr <= 114} & {er <= 100}",686,246,310,0.451895043731778,TRUE,"","NULL","",4.036
188,8317139,1,0.5,FALSE,NA,1,0.94,75,299,75,"!{meno} & !{pgr <= 26}",686,246,286,0.416909620991254,TRUE,"","NULL","",9.297
189,8317140,1,0.5,FALSE,NA,1,0.98,16,54,16,"{grade3} & !{pgr <= 8}",686,246,296,0.431486880466472,TRUE,"","NULL","",4.947
190,8317141,1,0.5,FALSE,NA,1,0.8,16,85,16,"{nodes <= 1} & !{er <= 44}",686,246,319,0.465014577259475,TRUE,"","NULL","",5.58
191,8317142,1,0.5,FALSE,NA,1,0.9,27,134,27,"!{pgr <= 77} & {nodes <= 3}",686,246,312,0.454810495626822,TRUE,"","NULL","",4.793
192,8317143,1,0.5,FALSE,NA,1,0.99,10,35,10,"!{er <= 44} & {er <= 70}",686,246,291,0.424198250728863,TRUE,"","NULL","",5.994
193,8317144,1,0.5,FALSE,NA,1,0.66,3,27,3,"!{size <= 29} & !{pgr <= 77}",686,246,304,0.443148688046647,TRUE,"","NULL","",4.763
194,8317145,1,0.5,FALSE,NA,1,0.73,18,123,18,"{er <= 44} & {meno}",686,246,313,0.456268221574344,TRUE,"","NULL","",5.814
195,8317146,1,0.5,FALSE,NA,1,0.87,4,15,4,"{er <= 0} & {nodes <= 7}",686,246,297,0.432944606413994,TRUE,"","NULL","",4.562
196,8317147,1,0.5,FALSE,NA,1,0.58,2,33,2,"{size <= 29} & !{er <= 174}",686,246,289,0.421282798833819,TRUE,"","NULL","",3.373
197,8317148,1,0.5,FALSE,NA,1,0.66,5,31,5,"!{er <= 3} & {pgr <= 8}",686,246,297,0.432944606413994,TRUE,"","NULL","",5.77
198,8317149,1,0.5,FALSE,NA,1,0.95,46,170,46,"{er <= 9} & !{nodes <= 1}",686,246,284,0.41399416909621,TRUE,"","NULL","",7.068
199,8317150,1,0.5,FALSE,NA,1,0.87,39,149,39,"{nodes <= 1} & {size <= 29}",686,246,306,0.446064139941691,TRUE,"","NULL","",6.191
200,8317151,1,0.5,FALSE,NA,1,0.86,30,104,30,"{size <= 20} & {meno}",686,246,306,0.446064139941691,TRUE,"","NULL","",4.884
