"table","row","col","alpha","c0","cell","design_hr","n","value","count","denominator","source_column","source_payload"
"S3","conventional","B1",,,"B1","0.657","500",0.095,190,2000,"declared_conv","declcalc0_inull_B1_res_1_2000.rds"
"S3","conventional","B2",,,"B2","0.657","1000",0.0325,65,2000,"declared_conv","declcalc0_inull_B2_res_1_2000.rds"
"S3","conventional","B3",,,"B3","0.657","1500",0.007,14,2000,"declared_conv","declcalc0_inull_B3_res_1_2000.rds"
"S3","conventional","B4",,,"B4","0.721","500",0.2325,465,2000,"declared_conv","declcalc0_inull_B4_res_1_2000.rds"
"S3","conventional","B5",,,"B5","0.721","1000",0.111,222,2000,"declared_conv","declcalc0_inull_B5_res_1_2000.rds"
"S3","conventional","B6",,,"B6","0.721","1500",0.0325,65,2000,"declared_conv","declcalc0_inull_B6_res_1_2000.rds"
"S5","calibrated_c070","B1",0.05,"c070","B1","0.657","500",0.008,16,2000,"declared_cal05_c070","declcalc0_inull_B1_res_1_2000.rds"
"S5","calibrated_c070","B2",0.05,"c070","B2","0.657","1000",0.0065,13,2000,"declared_cal05_c070","declcalc0_inull_B2_res_1_2000.rds"
"S5","calibrated_c070","B3",0.05,"c070","B3","0.657","1500",0.0045,9,2000,"declared_cal05_c070","declcalc0_inull_B3_res_1_2000.rds"
"S5","calibrated_c070","B4",0.05,"c070","B4","0.721","500",0.0315,63,2000,"declared_cal05_c070","declcalc0_inull_B4_res_1_2000.rds"
"S5","calibrated_c070","B5",0.05,"c070","B5","0.721","1000",0.0285,57,2000,"declared_cal05_c070","declcalc0_inull_B5_res_1_2000.rds"
"S5","calibrated_c070","B6",0.05,"c070","B6","0.721","1500",0.021,42,2000,"declared_cal05_c070","declcalc0_inull_B6_res_1_2000.rds"
"S5","calibrated_c070","max_B",0.05,"c070","B4","0.721","500",0.0315,63,2000,"declared_cal05_c070","declcalc0_inull_B4_res_1_2000.rds"
"S5","calibrated_c070","C1",0.05,"c070","C1","1.5","1000",0.5025,1005,2000,"declared_cal05_c070","declcalc0_power_C1_res_1_2000.rds"
"S5","calibrated_c070","C2",0.05,"c070","C2","1.5","1500",0.747,1494,2000,"declared_cal05_c070","declcalc0_power_C2_res_1_2000.rds"
"S5","calibrated_c070","C3",0.05,"c070","C3","2","1000",0.896,1792,2000,"declared_cal05_c070","declcalc0_power_C3_res_1_2000.rds"
"S5","calibrated_c070","C4",0.05,"c070","C4","2","1500",0.983,1966,2000,"declared_cal05_c070","declcalc0_power_C4_res_1_2000.rds"
"S5","calibrated_c075","B1",0.05,"c075","B1","0.657","500",0.0035,7,2000,"declared_cal05_c075","declcalc0_inull_B1_res_1_2000.rds"
"S5","calibrated_c075","B2",0.05,"c075","B2","0.657","1000",0.002,4,2000,"declared_cal05_c075","declcalc0_inull_B2_res_1_2000.rds"
"S5","calibrated_c075","B3",0.05,"c075","B3","0.657","1500",0.003,6,2000,"declared_cal05_c075","declcalc0_inull_B3_res_1_2000.rds"
"S5","calibrated_c075","B4",0.05,"c075","B4","0.721","500",0.013,26,2000,"declared_cal05_c075","declcalc0_inull_B4_res_1_2000.rds"
"S5","calibrated_c075","B5",0.05,"c075","B5","0.721","1000",0.01,20,2000,"declared_cal05_c075","declcalc0_inull_B5_res_1_2000.rds"
"S5","calibrated_c075","B6",0.05,"c075","B6","0.721","1500",0.0065,13,2000,"declared_cal05_c075","declcalc0_inull_B6_res_1_2000.rds"
"S5","calibrated_c075","max_B",0.05,"c075","B4","0.721","500",0.013,26,2000,"declared_cal05_c075","declcalc0_inull_B4_res_1_2000.rds"
"S5","calibrated_c075","C1",0.05,"c075","C1","1.5","1000",0.373,746,2000,"declared_cal05_c075","declcalc0_power_C1_res_1_2000.rds"
"S5","calibrated_c075","C2",0.05,"c075","C2","1.5","1500",0.62,1240,2000,"declared_cal05_c075","declcalc0_power_C2_res_1_2000.rds"
"S5","calibrated_c075","C3",0.05,"c075","C3","2","1000",0.834,1668,2000,"declared_cal05_c075","declcalc0_power_C3_res_1_2000.rds"
"S5","calibrated_c075","C4",0.05,"c075","C4","2","1500",0.966,1932,2000,"declared_cal05_c075","declcalc0_power_C4_res_1_2000.rds"
"S5","calibrated_c080","B1",0.05,"c080","B1","0.657","500",0.001,2,2000,"declared_cal05_c080","declcalc0_inull_B1_res_1_2000.rds"
"S5","calibrated_c080","B2",0.05,"c080","B2","0.657","1000",5e-04,1,2000,"declared_cal05_c080","declcalc0_inull_B2_res_1_2000.rds"
"S5","calibrated_c080","B3",0.05,"c080","B3","0.657","1500",0.0015,3,2000,"declared_cal05_c080","declcalc0_inull_B3_res_1_2000.rds"
"S5","calibrated_c080","B4",0.05,"c080","B4","0.721","500",0.004,8,2000,"declared_cal05_c080","declcalc0_inull_B4_res_1_2000.rds"
"S5","calibrated_c080","B5",0.05,"c080","B5","0.721","1000",0.004,8,2000,"declared_cal05_c080","declcalc0_inull_B5_res_1_2000.rds"
"S5","calibrated_c080","B6",0.05,"c080","B6","0.721","1500",0.002,4,2000,"declared_cal05_c080","declcalc0_inull_B6_res_1_2000.rds"
"S5","calibrated_c080","max_B",0.05,"c080","B4;B5","0.721","500;1000",0.004,8,2000,"declared_cal05_c080","declcalc0_inull_B4_res_1_2000.rds;declcalc0_inull_B5_res_1_2000.rds"
"S5","calibrated_c080","C1",0.05,"c080","C1","1.5","1000",0.2705,541,2000,"declared_cal05_c080","declcalc0_power_C1_res_1_2000.rds"
"S5","calibrated_c080","C2",0.05,"c080","C2","1.5","1500",0.491,982,2000,"declared_cal05_c080","declcalc0_power_C2_res_1_2000.rds"
"S5","calibrated_c080","C3",0.05,"c080","C3","2","1000",0.753,1506,2000,"declared_cal05_c080","declcalc0_power_C3_res_1_2000.rds"
"S5","calibrated_c080","C4",0.05,"c080","C4","2","1500",0.9275,1855,2000,"declared_cal05_c080","declcalc0_power_C4_res_1_2000.rds"
"S5","calibrated_c085","B1",0.05,"c085","B1","0.657","500",5e-04,1,2000,"declared_cal05_c085","declcalc0_inull_B1_res_1_2000.rds"
"S5","calibrated_c085","B2",0.05,"c085","B2","0.657","1000",5e-04,1,2000,"declared_cal05_c085","declcalc0_inull_B2_res_1_2000.rds"
"S5","calibrated_c085","B3",0.05,"c085","B3","0.657","1500",0,0,2000,"declared_cal05_c085","declcalc0_inull_B3_res_1_2000.rds"
"S5","calibrated_c085","B4",0.05,"c085","B4","0.721","500",0.001,2,2000,"declared_cal05_c085","declcalc0_inull_B4_res_1_2000.rds"
"S5","calibrated_c085","B5",0.05,"c085","B5","0.721","1000",0.001,2,2000,"declared_cal05_c085","declcalc0_inull_B5_res_1_2000.rds"
"S5","calibrated_c085","B6",0.05,"c085","B6","0.721","1500",0.001,2,2000,"declared_cal05_c085","declcalc0_inull_B6_res_1_2000.rds"
"S5","calibrated_c085","max_B",0.05,"c085","B4;B5;B6","0.721","500;1000;1500",0.001,2,2000,"declared_cal05_c085","declcalc0_inull_B4_res_1_2000.rds;declcalc0_inull_B5_res_1_2000.rds;declcalc0_inull_B6_res_1_2000.rds"
"S5","calibrated_c085","C1",0.05,"c085","C1","1.5","1000",0.188,376,2000,"declared_cal05_c085","declcalc0_power_C1_res_1_2000.rds"
"S5","calibrated_c085","C2",0.05,"c085","C2","1.5","1500",0.3625,725,2000,"declared_cal05_c085","declcalc0_power_C2_res_1_2000.rds"
"S5","calibrated_c085","C3",0.05,"c085","C3","2","1000",0.676,1352,2000,"declared_cal05_c085","declcalc0_power_C3_res_1_2000.rds"
"S5","calibrated_c085","C4",0.05,"c085","C4","2","1500",0.882,1764,2000,"declared_cal05_c085","declcalc0_power_C4_res_1_2000.rds"
"S5","conventional","max_B",0.05,,"B4","0.721","500",0.2325,465,2000,"declared_conv","declcalc0_inull_B4_res_1_2000.rds"
"S5","conventional","C1",0.05,,"C1","1.5","1000",0.6985,1397,2000,"declared_conv","declcalc0_power_C1_res_1_2000.rds"
"S5","conventional","C2",0.05,,"C2","1.5","1500",0.7905,1581,2000,"declared_conv","declcalc0_power_C2_res_1_2000.rds"
"S5","conventional","C3",0.05,,"C3","2","1000",0.9635,1927,2000,"declared_conv","declcalc0_power_C3_res_1_2000.rds"
"S5","conventional","C4",0.05,,"C4","2","1500",0.988,1976,2000,"declared_conv","declcalc0_power_C4_res_1_2000.rds"
"S5","fixed_k2.0","B1",0.05,,"B1","0.657","500",0.029,58,2000,"max_T_post>=2.0","declcalc0_inull_B1_res_1_2000.rds"
"S5","fixed_k2.0","B2",0.05,,"B2","0.657","1000",0.0105,21,2000,"max_T_post>=2.0","declcalc0_inull_B2_res_1_2000.rds"
"S5","fixed_k2.0","B3",0.05,,"B3","0.657","1500",0.0025,5,2000,"max_T_post>=2.0","declcalc0_inull_B3_res_1_2000.rds"
"S5","fixed_k2.0","B4",0.05,,"B4","0.721","500",0.0725,145,2000,"max_T_post>=2.0","declcalc0_inull_B4_res_1_2000.rds"
"S5","fixed_k2.0","B5",0.05,,"B5","0.721","1000",0.0305,61,2000,"max_T_post>=2.0","declcalc0_inull_B5_res_1_2000.rds"
"S5","fixed_k2.0","B6",0.05,,"B6","0.721","1500",0.0065,13,2000,"max_T_post>=2.0","declcalc0_inull_B6_res_1_2000.rds"
"S5","fixed_k2.0","max_B",0.05,,"B4","0.721","500",0.0725,145,2000,"max_T_post>=2.0","declcalc0_inull_B4_res_1_2000.rds"
"S5","fixed_k2.0","C1",0.05,,"C1","1.5","1000",0.5255,1051,2000,"max_T_post>=2.0","declcalc0_power_C1_res_1_2000.rds"
"S5","fixed_k2.0","C2",0.05,,"C2","1.5","1500",0.6475,1295,2000,"max_T_post>=2.0","declcalc0_power_C2_res_1_2000.rds"
"S5","fixed_k2.0","C3",0.05,,"C3","2","1000",0.9095,1819,2000,"max_T_post>=2.0","declcalc0_power_C3_res_1_2000.rds"
"S5","fixed_k2.0","C4",0.05,,"C4","2","1500",0.9705,1941,2000,"max_T_post>=2.0","declcalc0_power_C4_res_1_2000.rds"
"S5","claim_threshold","B1",0.05,,"B1","0.657","500",5e-04,1,2000,"declared_cal05","declcal_inull_B1_res_1_2000.rds"
"S5","claim_threshold","B2",0.05,,"B2","0.657","1000",0,0,2000,"declared_cal05","declcal_inull_B2_res_1_2000.rds"
"S5","claim_threshold","B3",0.05,,"B3","0.657","1500",0,0,2000,"declared_cal05","declcal_inull_B3_res_1_2000.rds"
"S5","claim_threshold","B4",0.05,,"B4","0.721","500",5e-04,1,2000,"declared_cal05","declcal_inull_B4_res_1_2000.rds"
"S5","claim_threshold","B5",0.05,,"B5","0.721","1000",0,0,2000,"declared_cal05","declcal_inull_B5_res_1_2000.rds"
"S5","claim_threshold","B6",0.05,,"B6","0.721","1500",0,0,2000,"declared_cal05","declcal_inull_B6_res_1_2000.rds"
"S5","claim_threshold","max_B",0.05,,"B1;B4","0.657;0.721","500",5e-04,1,2000,"declared_cal05","declcal_inull_B1_res_1_2000.rds;declcal_inull_B4_res_1_2000.rds"
"S5","claim_threshold","C1",0.05,,"C1","1.5","1000",0.0495,99,2000,"declared_cal05","declcal_power_C1_res_1_2000.rds"
"S5","claim_threshold","C2",0.05,,"C2","1.5","1500",0.0935,187,2000,"declared_cal05","declcal_power_C2_res_1_2000.rds"
"S5","claim_threshold","C3",0.05,,"C3","2","1000",0.355,710,2000,"declared_cal05","declcal_power_C3_res_1_2000.rds"
"S5","claim_threshold","C4",0.05,,"C4","2","1500",0.641,1282,2000,"declared_cal05","declcal_power_C4_res_1_2000.rds"
"S5","conventional","implied_pstar",0.05,,"B1;B2;B3;B4;B5;B6;C1;C2;C3;C4",,,0.9,,10,"meta$p_star","declcalc0_inull_B1_res_1_2000.rds;declcalc0_inull_B2_res_1_2000.rds;declcalc0_inull_B3_res_1_2000.rds;declcalc0_inull_B4_res_1_2000.rds;declcalc0_inull_B5_res_1_2000.rds;declcalc0_inull_B6_res_1_2000.rds;declcalc0_power_C1_res_1_2000.rds;declcalc0_power_C2_res_1_2000.rds;declcalc0_power_C3_res_1_2000.rds;declcalc0_power_C4_res_1_2000.rds"
"S5","fixed_k2.0","implied_pstar",0.05,,,,,0.954499736103642,,,"2*pnorm(2.0)-1",
"S5","claim_threshold","implied_pstar_pooled_median_allcells_alln",0.05,,"B1;B2;B3;B4;B5;B6;C1;C2;C3;C4",,,0.999669706313318,,20000,"2*pnorm(kappa_hat_05)-1","declcal_inull_B1_res_1_2000.rds;declcal_inull_B2_res_1_2000.rds;declcal_inull_B3_res_1_2000.rds;declcal_inull_B4_res_1_2000.rds;declcal_inull_B5_res_1_2000.rds;declcal_inull_B6_res_1_2000.rds;declcal_power_C1_res_1_2000.rds;declcal_power_C2_res_1_2000.rds;declcal_power_C3_res_1_2000.rds;declcal_power_C4_res_1_2000.rds"
"S5","claim_threshold","implied_pstar_median_of_cell_medians_allcells_alln",0.05,,"B1;B2;B3;B4;B5;B6;C1;C2;C3;C4",,,0.999669872396106,,10,"2*pnorm(kappa_hat_05)-1","declcal_inull_B1_res_1_2000.rds;declcal_inull_B2_res_1_2000.rds;declcal_inull_B3_res_1_2000.rds;declcal_inull_B4_res_1_2000.rds;declcal_inull_B5_res_1_2000.rds;declcal_inull_B6_res_1_2000.rds;declcal_power_C1_res_1_2000.rds;declcal_power_C2_res_1_2000.rds;declcal_power_C3_res_1_2000.rds;declcal_power_C4_res_1_2000.rds"
"S4","calibrated_c070","B1",0.1,"c070","B1","0.657","500",0.024,48,2000,"declared_cal10_c070","declcalc0_inull_B1_res_1_2000.rds"
"S4","calibrated_c070","B2",0.1,"c070","B2","0.657","1000",0.017,34,2000,"declared_cal10_c070","declcalc0_inull_B2_res_1_2000.rds"
"S4","calibrated_c070","B3",0.1,"c070","B3","0.657","1500",0.012,24,2000,"declared_cal10_c070","declcalc0_inull_B3_res_1_2000.rds"
"S4","calibrated_c070","B4",0.1,"c070","B4","0.721","500",0.0705,141,2000,"declared_cal10_c070","declcalc0_inull_B4_res_1_2000.rds"
"S4","calibrated_c070","B5",0.1,"c070","B5","0.721","1000",0.0645,129,2000,"declared_cal10_c070","declcalc0_inull_B5_res_1_2000.rds"
"S4","calibrated_c070","B6",0.1,"c070","B6","0.721","1500",0.0525,105,2000,"declared_cal10_c070","declcalc0_inull_B6_res_1_2000.rds"
"S4","calibrated_c070","max_B",0.1,"c070","B4","0.721","500",0.0705,141,2000,"declared_cal10_c070","declcalc0_inull_B4_res_1_2000.rds"
"S4","calibrated_c070","C1",0.1,"c070","C1","1.5","1000",0.6165,1233,2000,"declared_cal10_c070","declcalc0_power_C1_res_1_2000.rds"
"S4","calibrated_c070","C2",0.1,"c070","C2","1.5","1500",0.8235,1647,2000,"declared_cal10_c070","declcalc0_power_C2_res_1_2000.rds"
"S4","calibrated_c070","C3",0.1,"c070","C3","2","1000",0.9425,1885,2000,"declared_cal10_c070","declcalc0_power_C3_res_1_2000.rds"
"S4","calibrated_c070","C4",0.1,"c070","C4","2","1500",0.9915,1983,2000,"declared_cal10_c070","declcalc0_power_C4_res_1_2000.rds"
"S4","calibrated_c075","B1",0.1,"c075","B1","0.657","500",0.0095,19,2000,"declared_cal10_c075","declcalc0_inull_B1_res_1_2000.rds"
"S4","calibrated_c075","B2",0.1,"c075","B2","0.657","1000",0.0075,15,2000,"declared_cal10_c075","declcalc0_inull_B2_res_1_2000.rds"
"S4","calibrated_c075","B3",0.1,"c075","B3","0.657","1500",0.0035,7,2000,"declared_cal10_c075","declcalc0_inull_B3_res_1_2000.rds"
"S4","calibrated_c075","B4",0.1,"c075","B4","0.721","500",0.035,70,2000,"declared_cal10_c075","declcalc0_inull_B4_res_1_2000.rds"
"S4","calibrated_c075","B5",0.1,"c075","B5","0.721","1000",0.0255,51,2000,"declared_cal10_c075","declcalc0_inull_B5_res_1_2000.rds"
"S4","calibrated_c075","B6",0.1,"c075","B6","0.721","1500",0.0155,31,2000,"declared_cal10_c075","declcalc0_inull_B6_res_1_2000.rds"
"S4","calibrated_c075","max_B",0.1,"c075","B4","0.721","500",0.035,70,2000,"declared_cal10_c075","declcalc0_inull_B4_res_1_2000.rds"
"S4","calibrated_c075","C1",0.1,"c075","C1","1.5","1000",0.501,1002,2000,"declared_cal10_c075","declcalc0_power_C1_res_1_2000.rds"
"S4","calibrated_c075","C2",0.1,"c075","C2","1.5","1500",0.7225,1445,2000,"declared_cal10_c075","declcalc0_power_C2_res_1_2000.rds"
"S4","calibrated_c075","C3",0.1,"c075","C3","2","1000",0.896,1792,2000,"declared_cal10_c075","declcalc0_power_C3_res_1_2000.rds"
"S4","calibrated_c075","C4",0.1,"c075","C4","2","1500",0.982,1964,2000,"declared_cal10_c075","declcalc0_power_C4_res_1_2000.rds"
"S4","calibrated_c080","B1",0.1,"c080","B1","0.657","500",0.0035,7,2000,"declared_cal10_c080","declcalc0_inull_B1_res_1_2000.rds"
"S4","calibrated_c080","B2",0.1,"c080","B2","0.657","1000",0.0025,5,2000,"declared_cal10_c080","declcalc0_inull_B2_res_1_2000.rds"
"S4","calibrated_c080","B3",0.1,"c080","B3","0.657","1500",0.0025,5,2000,"declared_cal10_c080","declcalc0_inull_B3_res_1_2000.rds"
"S4","calibrated_c080","B4",0.1,"c080","B4","0.721","500",0.0165,33,2000,"declared_cal10_c080","declcalc0_inull_B4_res_1_2000.rds"
"S4","calibrated_c080","B5",0.1,"c080","B5","0.721","1000",0.0115,23,2000,"declared_cal10_c080","declcalc0_inull_B5_res_1_2000.rds"
"S4","calibrated_c080","B6",0.1,"c080","B6","0.721","1500",0.0035,7,2000,"declared_cal10_c080","declcalc0_inull_B6_res_1_2000.rds"
"S4","calibrated_c080","max_B",0.1,"c080","B4","0.721","500",0.0165,33,2000,"declared_cal10_c080","declcalc0_inull_B4_res_1_2000.rds"
"S4","calibrated_c080","C1",0.1,"c080","C1","1.5","1000",0.3695,739,2000,"declared_cal10_c080","declcalc0_power_C1_res_1_2000.rds"
"S4","calibrated_c080","C2",0.1,"c080","C2","1.5","1500",0.5985,1197,2000,"declared_cal10_c080","declcalc0_power_C2_res_1_2000.rds"
"S4","calibrated_c080","C3",0.1,"c080","C3","2","1000",0.833,1666,2000,"declared_cal10_c080","declcalc0_power_C3_res_1_2000.rds"
"S4","calibrated_c080","C4",0.1,"c080","C4","2","1500",0.9635,1927,2000,"declared_cal10_c080","declcalc0_power_C4_res_1_2000.rds"
"S4","calibrated_c085","B1",0.1,"c085","B1","0.657","500",0.0015,3,2000,"declared_cal10_c085","declcalc0_inull_B1_res_1_2000.rds"
"S4","calibrated_c085","B2",0.1,"c085","B2","0.657","1000",5e-04,1,2000,"declared_cal10_c085","declcalc0_inull_B2_res_1_2000.rds"
"S4","calibrated_c085","B3",0.1,"c085","B3","0.657","1500",5e-04,1,2000,"declared_cal10_c085","declcalc0_inull_B3_res_1_2000.rds"
"S4","calibrated_c085","B4",0.1,"c085","B4","0.721","500",0.0055,11,2000,"declared_cal10_c085","declcalc0_inull_B4_res_1_2000.rds"
"S4","calibrated_c085","B5",0.1,"c085","B5","0.721","1000",0.0035,7,2000,"declared_cal10_c085","declcalc0_inull_B5_res_1_2000.rds"
"S4","calibrated_c085","B6",0.1,"c085","B6","0.721","1500",0.002,4,2000,"declared_cal10_c085","declcalc0_inull_B6_res_1_2000.rds"
"S4","calibrated_c085","max_B",0.1,"c085","B4","0.721","500",0.0055,11,2000,"declared_cal10_c085","declcalc0_inull_B4_res_1_2000.rds"
"S4","calibrated_c085","C1",0.1,"c085","C1","1.5","1000",0.265,530,2000,"declared_cal10_c085","declcalc0_power_C1_res_1_2000.rds"
"S4","calibrated_c085","C2",0.1,"c085","C2","1.5","1500",0.4585,917,2000,"declared_cal10_c085","declcalc0_power_C2_res_1_2000.rds"
"S4","calibrated_c085","C3",0.1,"c085","C3","2","1000",0.7555,1511,2000,"declared_cal10_c085","declcalc0_power_C3_res_1_2000.rds"
"S4","calibrated_c085","C4",0.1,"c085","C4","2","1500",0.921,1842,2000,"declared_cal10_c085","declcalc0_power_C4_res_1_2000.rds"
"S4","conventional","max_B",0.1,,"B4","0.721","500",0.2325,465,2000,"declared_conv","declcalc0_inull_B4_res_1_2000.rds"
"S4","conventional","C1",0.1,,"C1","1.5","1000",0.6985,1397,2000,"declared_conv","declcalc0_power_C1_res_1_2000.rds"
"S4","conventional","C2",0.1,,"C2","1.5","1500",0.7905,1581,2000,"declared_conv","declcalc0_power_C2_res_1_2000.rds"
"S4","conventional","C3",0.1,,"C3","2","1000",0.9635,1927,2000,"declared_conv","declcalc0_power_C3_res_1_2000.rds"
"S4","conventional","C4",0.1,,"C4","2","1500",0.988,1976,2000,"declared_conv","declcalc0_power_C4_res_1_2000.rds"
"S4","fixed_k2.0","B1",0.1,,"B1","0.657","500",0.029,58,2000,"max_T_post>=2.0","declcalc0_inull_B1_res_1_2000.rds"
"S4","fixed_k2.0","B2",0.1,,"B2","0.657","1000",0.0105,21,2000,"max_T_post>=2.0","declcalc0_inull_B2_res_1_2000.rds"
"S4","fixed_k2.0","B3",0.1,,"B3","0.657","1500",0.0025,5,2000,"max_T_post>=2.0","declcalc0_inull_B3_res_1_2000.rds"
"S4","fixed_k2.0","B4",0.1,,"B4","0.721","500",0.0725,145,2000,"max_T_post>=2.0","declcalc0_inull_B4_res_1_2000.rds"
"S4","fixed_k2.0","B5",0.1,,"B5","0.721","1000",0.0305,61,2000,"max_T_post>=2.0","declcalc0_inull_B5_res_1_2000.rds"
"S4","fixed_k2.0","B6",0.1,,"B6","0.721","1500",0.0065,13,2000,"max_T_post>=2.0","declcalc0_inull_B6_res_1_2000.rds"
"S4","fixed_k2.0","max_B",0.1,,"B4","0.721","500",0.0725,145,2000,"max_T_post>=2.0","declcalc0_inull_B4_res_1_2000.rds"
"S4","fixed_k2.0","C1",0.1,,"C1","1.5","1000",0.5255,1051,2000,"max_T_post>=2.0","declcalc0_power_C1_res_1_2000.rds"
"S4","fixed_k2.0","C2",0.1,,"C2","1.5","1500",0.6475,1295,2000,"max_T_post>=2.0","declcalc0_power_C2_res_1_2000.rds"
"S4","fixed_k2.0","C3",0.1,,"C3","2","1000",0.9095,1819,2000,"max_T_post>=2.0","declcalc0_power_C3_res_1_2000.rds"
"S4","fixed_k2.0","C4",0.1,,"C4","2","1500",0.9705,1941,2000,"max_T_post>=2.0","declcalc0_power_C4_res_1_2000.rds"
"S4","claim_threshold","B1",0.1,,"B1","0.657","500",5e-04,1,2000,"declared_cal10","declcal_inull_B1_res_1_2000.rds"
"S4","claim_threshold","B2",0.1,,"B2","0.657","1000",0,0,2000,"declared_cal10","declcal_inull_B2_res_1_2000.rds"
"S4","claim_threshold","B3",0.1,,"B3","0.657","1500",0,0,2000,"declared_cal10","declcal_inull_B3_res_1_2000.rds"
"S4","claim_threshold","B4",0.1,,"B4","0.721","500",5e-04,1,2000,"declared_cal10","declcal_inull_B4_res_1_2000.rds"
"S4","claim_threshold","B5",0.1,,"B5","0.721","1000",0,0,2000,"declared_cal10","declcal_inull_B5_res_1_2000.rds"
"S4","claim_threshold","B6",0.1,,"B6","0.721","1500",0,0,2000,"declared_cal10","declcal_inull_B6_res_1_2000.rds"
"S4","claim_threshold","max_B",0.1,,"B1;B4","0.657;0.721","500",5e-04,1,2000,"declared_cal10","declcal_inull_B1_res_1_2000.rds;declcal_inull_B4_res_1_2000.rds"
"S4","claim_threshold","C1",0.1,,"C1","1.5","1000",0.0825,165,2000,"declared_cal10","declcal_power_C1_res_1_2000.rds"
"S4","claim_threshold","C2",0.1,,"C2","1.5","1500",0.1445,289,2000,"declared_cal10","declcal_power_C2_res_1_2000.rds"
"S4","claim_threshold","C3",0.1,,"C3","2","1000",0.4475,895,2000,"declared_cal10","declcal_power_C3_res_1_2000.rds"
"S4","claim_threshold","C4",0.1,,"C4","2","1500",0.7255,1451,2000,"declared_cal10","declcal_power_C4_res_1_2000.rds"
"S4","conventional","implied_pstar",0.1,,"B1;B2;B3;B4;B5;B6;C1;C2;C3;C4",,,0.9,,10,"meta$p_star","declcalc0_inull_B1_res_1_2000.rds;declcalc0_inull_B2_res_1_2000.rds;declcalc0_inull_B3_res_1_2000.rds;declcalc0_inull_B4_res_1_2000.rds;declcalc0_inull_B5_res_1_2000.rds;declcalc0_inull_B6_res_1_2000.rds;declcalc0_power_C1_res_1_2000.rds;declcalc0_power_C2_res_1_2000.rds;declcalc0_power_C3_res_1_2000.rds;declcalc0_power_C4_res_1_2000.rds"
"S4","fixed_k2.0","implied_pstar",0.1,,,,,0.954499736103642,,,"2*pnorm(2.0)-1",
"S4","claim_threshold","implied_pstar_pooled_median_allcells_alln",0.1,,"B1;B2;B3;B4;B5;B6;C1;C2;C3;C4",,,0.999158693548859,,20000,"2*pnorm(kappa_hat_10)-1","declcal_inull_B1_res_1_2000.rds;declcal_inull_B2_res_1_2000.rds;declcal_inull_B3_res_1_2000.rds;declcal_inull_B4_res_1_2000.rds;declcal_inull_B5_res_1_2000.rds;declcal_inull_B6_res_1_2000.rds;declcal_power_C1_res_1_2000.rds;declcal_power_C2_res_1_2000.rds;declcal_power_C3_res_1_2000.rds;declcal_power_C4_res_1_2000.rds"
"S4","claim_threshold","implied_pstar_median_of_cell_medians_allcells_alln",0.1,,"B1;B2;B3;B4;B5;B6;C1;C2;C3;C4",,,0.999159943981627,,10,"2*pnorm(kappa_hat_10)-1","declcal_inull_B1_res_1_2000.rds;declcal_inull_B2_res_1_2000.rds;declcal_inull_B3_res_1_2000.rds;declcal_inull_B4_res_1_2000.rds;declcal_inull_B5_res_1_2000.rds;declcal_inull_B6_res_1_2000.rds;declcal_power_C1_res_1_2000.rds;declcal_power_C2_res_1_2000.rds;declcal_power_C3_res_1_2000.rds;declcal_power_C4_res_1_2000.rds"
"S6","calibrated_c070","kappa_pooled_median_allcells",0.05,"c070","B1;B4","0.657;0.721","500",2.45045939684433,,4000,"kappa_hat_05_c070","declcalc0_inull_B1_res_1_2000.rds;declcalc0_inull_B4_res_1_2000.rds"
"S6","calibrated_c070","level_pooled_median_allcells",0.05,"c070","B1;B4","0.657;0.721","500",0.985732594711549,,4000,"2*pnorm(kappa_hat_05_c070)-1","declcalc0_inull_B1_res_1_2000.rds;declcalc0_inull_B4_res_1_2000.rds"
"S6","calibrated_c070","kappa_median_of_cell_medians_allcells",0.05,"c070","B1;B4","0.657;0.721","500",2.45104456165665,,2,"kappa_hat_05_c070","declcalc0_inull_B1_res_1_2000.rds;declcalc0_inull_B4_res_1_2000.rds"
"S6","calibrated_c070","level_median_of_cell_medians_allcells",0.05,"c070","B1;B4","0.657;0.721","500",0.985755768217121,,2,"2*pnorm(kappa_hat_05_c070)-1","declcalc0_inull_B1_res_1_2000.rds;declcalc0_inull_B4_res_1_2000.rds"
"S6","calibrated_c070","kappa_pooled_median_Bcells",0.05,"c070","B1;B4","0.657;0.721","500",2.45045939684433,,4000,"kappa_hat_05_c070","declcalc0_inull_B1_res_1_2000.rds;declcalc0_inull_B4_res_1_2000.rds"
"S6","calibrated_c070","level_pooled_median_Bcells",0.05,"c070","B1;B4","0.657;0.721","500",0.985732594711549,,4000,"2*pnorm(kappa_hat_05_c070)-1","declcalc0_inull_B1_res_1_2000.rds;declcalc0_inull_B4_res_1_2000.rds"
"S6","calibrated_c070","kappa_median_of_cell_medians_Bcells",0.05,"c070","B1;B4","0.657;0.721","500",2.45104456165665,,2,"kappa_hat_05_c070","declcalc0_inull_B1_res_1_2000.rds;declcalc0_inull_B4_res_1_2000.rds"
"S6","calibrated_c070","level_median_of_cell_medians_Bcells",0.05,"c070","B1;B4","0.657;0.721","500",0.985755768217121,,2,"2*pnorm(kappa_hat_05_c070)-1","declcalc0_inull_B1_res_1_2000.rds;declcalc0_inull_B4_res_1_2000.rds"
"S6","calibrated_c070","kappa_pooled_median_allcells",0.05,"c070","B2;B5;C1;C3","0.657;0.721;1.5;2","1000",2.08128811408004,,8000,"kappa_hat_05_c070","declcalc0_inull_B2_res_1_2000.rds;declcalc0_inull_B5_res_1_2000.rds;declcalc0_power_C1_res_1_2000.rds;declcalc0_power_C3_res_1_2000.rds"
"S6","calibrated_c070","level_pooled_median_allcells",0.05,"c070","B2;B5;C1;C3","0.657;0.721;1.5;2","1000",0.962592457558494,,8000,"2*pnorm(kappa_hat_05_c070)-1","declcalc0_inull_B2_res_1_2000.rds;declcalc0_inull_B5_res_1_2000.rds;declcalc0_power_C1_res_1_2000.rds;declcalc0_power_C3_res_1_2000.rds"
"S6","calibrated_c070","kappa_median_of_cell_medians_allcells",0.05,"c070","B2;B5;C1;C3","0.657;0.721;1.5;2","1000",2.07171849654341,,4,"kappa_hat_05_c070","declcalc0_inull_B2_res_1_2000.rds;declcalc0_inull_B5_res_1_2000.rds;declcalc0_power_C1_res_1_2000.rds;declcalc0_power_C3_res_1_2000.rds"
"S6","calibrated_c070","level_median_of_cell_medians_allcells",0.05,"c070","B2;B5;C1;C3","0.657;0.721;1.5;2","1000",0.961708298643309,,4,"2*pnorm(kappa_hat_05_c070)-1","declcalc0_inull_B2_res_1_2000.rds;declcalc0_inull_B5_res_1_2000.rds;declcalc0_power_C1_res_1_2000.rds;declcalc0_power_C3_res_1_2000.rds"
"S6","calibrated_c070","kappa_pooled_median_Bcells",0.05,"c070","B2;B5","0.657;0.721","1000",2.09783601934118,,4000,"kappa_hat_05_c070","declcalc0_inull_B2_res_1_2000.rds;declcalc0_inull_B5_res_1_2000.rds"
"S6","calibrated_c070","level_pooled_median_Bcells",0.05,"c070","B2;B5","0.657;0.721","1000",0.964080366534953,,4000,"2*pnorm(kappa_hat_05_c070)-1","declcalc0_inull_B2_res_1_2000.rds;declcalc0_inull_B5_res_1_2000.rds"
"S6","calibrated_c070","kappa_median_of_cell_medians_Bcells",0.05,"c070","B2;B5","0.657;0.721","1000",2.09836135375582,,2,"kappa_hat_05_c070","declcalc0_inull_B2_res_1_2000.rds;declcalc0_inull_B5_res_1_2000.rds"
"S6","calibrated_c070","level_median_of_cell_medians_Bcells",0.05,"c070","B2;B5","0.657;0.721","1000",0.964126763529168,,2,"2*pnorm(kappa_hat_05_c070)-1","declcalc0_inull_B2_res_1_2000.rds;declcalc0_inull_B5_res_1_2000.rds"
"S6","calibrated_c070","kappa_pooled_median_allcells",0.05,"c070","B3;B6;C2;C4","0.657;0.721;1.5;2","1500",1.76567742399081,,8000,"kappa_hat_05_c070","declcalc0_inull_B3_res_1_2000.rds;declcalc0_inull_B6_res_1_2000.rds;declcalc0_power_C2_res_1_2000.rds;declcalc0_power_C4_res_1_2000.rds"
"S6","calibrated_c070","level_pooled_median_allcells",0.05,"c070","B3;B6;C2;C4","0.657;0.721;1.5;2","1500",0.922550017575203,,8000,"2*pnorm(kappa_hat_05_c070)-1","declcalc0_inull_B3_res_1_2000.rds;declcalc0_inull_B6_res_1_2000.rds;declcalc0_power_C2_res_1_2000.rds;declcalc0_power_C4_res_1_2000.rds"
"S6","calibrated_c070","kappa_median_of_cell_medians_allcells",0.05,"c070","B3;B6;C2;C4","0.657;0.721;1.5;2","1500",1.7545217942105,,4,"kappa_hat_05_c070","declcalc0_inull_B3_res_1_2000.rds;declcalc0_inull_B6_res_1_2000.rds;declcalc0_power_C2_res_1_2000.rds;declcalc0_power_C4_res_1_2000.rds"
"S6","calibrated_c070","level_median_of_cell_medians_allcells",0.05,"c070","B3;B6;C2;C4","0.657;0.721;1.5;2","1500",0.920658861177956,,4,"2*pnorm(kappa_hat_05_c070)-1","declcalc0_inull_B3_res_1_2000.rds;declcalc0_inull_B6_res_1_2000.rds;declcalc0_power_C2_res_1_2000.rds;declcalc0_power_C4_res_1_2000.rds"
"S6","calibrated_c070","kappa_pooled_median_Bcells",0.05,"c070","B3;B6","0.657;0.721","1500",1.78047223690885,,4000,"kappa_hat_05_c070","declcalc0_inull_B3_res_1_2000.rds;declcalc0_inull_B6_res_1_2000.rds"
"S6","calibrated_c070","level_pooled_median_Bcells",0.05,"c070","B3;B6","0.657;0.721","1500",0.925001291019342,,4000,"2*pnorm(kappa_hat_05_c070)-1","declcalc0_inull_B3_res_1_2000.rds;declcalc0_inull_B6_res_1_2000.rds"
"S6","calibrated_c070","kappa_median_of_cell_medians_Bcells",0.05,"c070","B3;B6","0.657;0.721","1500",1.78073316555493,,2,"kappa_hat_05_c070","declcalc0_inull_B3_res_1_2000.rds;declcalc0_inull_B6_res_1_2000.rds"
"S6","calibrated_c070","level_median_of_cell_medians_Bcells",0.05,"c070","B3;B6","0.657;0.721","1500",0.925043947646517,,2,"2*pnorm(kappa_hat_05_c070)-1","declcalc0_inull_B3_res_1_2000.rds;declcalc0_inull_B6_res_1_2000.rds"
"S6","calibrated_c075","kappa_pooled_median_allcells",0.05,"c075","B1;B4","0.657;0.721","500",2.65347660082776,,4000,"kappa_hat_05_c075","declcalc0_inull_B1_res_1_2000.rds;declcalc0_inull_B4_res_1_2000.rds"
"S6","calibrated_c075","level_pooled_median_allcells",0.05,"c075","B1;B4","0.657;0.721","500",0.992033270601863,,4000,"2*pnorm(kappa_hat_05_c075)-1","declcalc0_inull_B1_res_1_2000.rds;declcalc0_inull_B4_res_1_2000.rds"
"S6","calibrated_c075","kappa_median_of_cell_medians_allcells",0.05,"c075","B1;B4","0.657;0.721","500",2.65283751792205,,2,"kappa_hat_05_c075","declcalc0_inull_B1_res_1_2000.rds;declcalc0_inull_B4_res_1_2000.rds"
"S6","calibrated_c075","level_median_of_cell_medians_allcells",0.05,"c075","B1;B4","0.657;0.721","500",0.992018171704058,,2,"2*pnorm(kappa_hat_05_c075)-1","declcalc0_inull_B1_res_1_2000.rds;declcalc0_inull_B4_res_1_2000.rds"
"S6","calibrated_c075","kappa_pooled_median_Bcells",0.05,"c075","B1;B4","0.657;0.721","500",2.65347660082776,,4000,"kappa_hat_05_c075","declcalc0_inull_B1_res_1_2000.rds;declcalc0_inull_B4_res_1_2000.rds"
"S6","calibrated_c075","level_pooled_median_Bcells",0.05,"c075","B1;B4","0.657;0.721","500",0.992033270601863,,4000,"2*pnorm(kappa_hat_05_c075)-1","declcalc0_inull_B1_res_1_2000.rds;declcalc0_inull_B4_res_1_2000.rds"
"S6","calibrated_c075","kappa_median_of_cell_medians_Bcells",0.05,"c075","B1;B4","0.657;0.721","500",2.65283751792205,,2,"kappa_hat_05_c075","declcalc0_inull_B1_res_1_2000.rds;declcalc0_inull_B4_res_1_2000.rds"
"S6","calibrated_c075","level_median_of_cell_medians_Bcells",0.05,"c075","B1;B4","0.657;0.721","500",0.992018171704058,,2,"2*pnorm(kappa_hat_05_c075)-1","declcalc0_inull_B1_res_1_2000.rds;declcalc0_inull_B4_res_1_2000.rds"
"S6","calibrated_c075","kappa_pooled_median_allcells",0.05,"c075","B2;B5;C1;C3","0.657;0.721;1.5;2","1000",2.34231972576846,,8000,"kappa_hat_05_c075","declcalc0_inull_B2_res_1_2000.rds;declcalc0_inull_B5_res_1_2000.rds;declcalc0_power_C1_res_1_2000.rds;declcalc0_power_C3_res_1_2000.rds"
"S6","calibrated_c075","level_pooled_median_allcells",0.05,"c075","B2;B5;C1;C3","0.657;0.721;1.5;2","1000",0.98083571026229,,8000,"2*pnorm(kappa_hat_05_c075)-1","declcalc0_inull_B2_res_1_2000.rds;declcalc0_inull_B5_res_1_2000.rds;declcalc0_power_C1_res_1_2000.rds;declcalc0_power_C3_res_1_2000.rds"
"S6","calibrated_c075","kappa_median_of_cell_medians_allcells",0.05,"c075","B2;B5;C1;C3","0.657;0.721;1.5;2","1000",2.33349032993428,,4,"kappa_hat_05_c075","declcalc0_inull_B2_res_1_2000.rds;declcalc0_inull_B5_res_1_2000.rds;declcalc0_power_C1_res_1_2000.rds;declcalc0_power_C3_res_1_2000.rds"
"S6","calibrated_c075","level_median_of_cell_medians_allcells",0.05,"c075","B2;B5;C1;C3","0.657;0.721;1.5;2","1000",0.980377574729707,,4,"2*pnorm(kappa_hat_05_c075)-1","declcalc0_inull_B2_res_1_2000.rds;declcalc0_inull_B5_res_1_2000.rds;declcalc0_power_C1_res_1_2000.rds;declcalc0_power_C3_res_1_2000.rds"
"S6","calibrated_c075","kappa_pooled_median_Bcells",0.05,"c075","B2;B5","0.657;0.721","1000",2.35738884222603,,4000,"kappa_hat_05_c075","declcalc0_inull_B2_res_1_2000.rds;declcalc0_inull_B5_res_1_2000.rds"
"S6","calibrated_c075","level_pooled_median_Bcells",0.05,"c075","B2;B5","0.657;0.721","1000",0.981596035672293,,4000,"2*pnorm(kappa_hat_05_c075)-1","declcalc0_inull_B2_res_1_2000.rds;declcalc0_inull_B5_res_1_2000.rds"
"S6","calibrated_c075","kappa_median_of_cell_medians_Bcells",0.05,"c075","B2;B5","0.657;0.721","1000",2.35711577088807,,2,"kappa_hat_05_c075","declcalc0_inull_B2_res_1_2000.rds;declcalc0_inull_B5_res_1_2000.rds"
"S6","calibrated_c075","level_median_of_cell_medians_Bcells",0.05,"c075","B2;B5","0.657;0.721","1000",0.981582496020972,,2,"2*pnorm(kappa_hat_05_c075)-1","declcalc0_inull_B2_res_1_2000.rds;declcalc0_inull_B5_res_1_2000.rds"
"S6","calibrated_c075","kappa_pooled_median_allcells",0.05,"c075","B3;B6;C2;C4","0.657;0.721;1.5;2","1500",2.07408899034695,,8000,"kappa_hat_05_c075","declcalc0_inull_B3_res_1_2000.rds;declcalc0_inull_B6_res_1_2000.rds;declcalc0_power_C2_res_1_2000.rds;declcalc0_power_C4_res_1_2000.rds"
"S6","calibrated_c075","level_pooled_median_allcells",0.05,"c075","B3;B6;C2;C4","0.657;0.721;1.5;2","1500",0.961928953119708,,8000,"2*pnorm(kappa_hat_05_c075)-1","declcalc0_inull_B3_res_1_2000.rds;declcalc0_inull_B6_res_1_2000.rds;declcalc0_power_C2_res_1_2000.rds;declcalc0_power_C4_res_1_2000.rds"
"S6","calibrated_c075","kappa_median_of_cell_medians_allcells",0.05,"c075","B3;B6;C2;C4","0.657;0.721;1.5;2","1500",2.06545079176313,,4,"kappa_hat_05_c075","declcalc0_inull_B3_res_1_2000.rds;declcalc0_inull_B6_res_1_2000.rds;declcalc0_power_C2_res_1_2000.rds;declcalc0_power_C4_res_1_2000.rds"
"S6","calibrated_c075","level_median_of_cell_medians_allcells",0.05,"c075","B3;B6;C2;C4","0.657;0.721;1.5;2","1500",0.961119633030385,,4,"2*pnorm(kappa_hat_05_c075)-1","declcalc0_inull_B3_res_1_2000.rds;declcalc0_inull_B6_res_1_2000.rds;declcalc0_power_C2_res_1_2000.rds;declcalc0_power_C4_res_1_2000.rds"
"S6","calibrated_c075","kappa_pooled_median_Bcells",0.05,"c075","B3;B6","0.657;0.721","1500",2.08919896132681,,4000,"kappa_hat_05_c075","declcalc0_inull_B3_res_1_2000.rds;declcalc0_inull_B6_res_1_2000.rds"
"S6","calibrated_c075","level_pooled_median_Bcells",0.05,"c075","B3;B6","0.657;0.721","1500",0.963310183097386,,4000,"2*pnorm(kappa_hat_05_c075)-1","declcalc0_inull_B3_res_1_2000.rds;declcalc0_inull_B6_res_1_2000.rds"
"S6","calibrated_c075","kappa_median_of_cell_medians_Bcells",0.05,"c075","B3;B6","0.657;0.721","1500",2.08918241391873,,2,"kappa_hat_05_c075","declcalc0_inull_B3_res_1_2000.rds;declcalc0_inull_B6_res_1_2000.rds"
"S6","calibrated_c075","level_median_of_cell_medians_Bcells",0.05,"c075","B3;B6","0.657;0.721","1500",0.963308694135344,,2,"2*pnorm(kappa_hat_05_c075)-1","declcalc0_inull_B3_res_1_2000.rds;declcalc0_inull_B6_res_1_2000.rds"
"S6","calibrated_c080","kappa_pooled_median_allcells",0.05,"c080","B1;B4","0.657;0.721","500",2.84969424851025,,4000,"kappa_hat_05_c080","declcalc0_inull_B1_res_1_2000.rds;declcalc0_inull_B4_res_1_2000.rds"
"S6","calibrated_c080","level_pooled_median_allcells",0.05,"c080","B1;B4","0.657;0.721","500",0.995623872541292,,4000,"2*pnorm(kappa_hat_05_c080)-1","declcalc0_inull_B1_res_1_2000.rds;declcalc0_inull_B4_res_1_2000.rds"
"S6","calibrated_c080","kappa_median_of_cell_medians_allcells",0.05,"c080","B1;B4","0.657;0.721","500",2.84846279814168,,2,"kappa_hat_05_c080","declcalc0_inull_B1_res_1_2000.rds;declcalc0_inull_B4_res_1_2000.rds"
"S6","calibrated_c080","level_median_of_cell_medians_allcells",0.05,"c080","B1;B4","0.657;0.721","500",0.995606901086613,,2,"2*pnorm(kappa_hat_05_c080)-1","declcalc0_inull_B1_res_1_2000.rds;declcalc0_inull_B4_res_1_2000.rds"
"S6","calibrated_c080","kappa_pooled_median_Bcells",0.05,"c080","B1;B4","0.657;0.721","500",2.84969424851025,,4000,"kappa_hat_05_c080","declcalc0_inull_B1_res_1_2000.rds;declcalc0_inull_B4_res_1_2000.rds"
"S6","calibrated_c080","level_pooled_median_Bcells",0.05,"c080","B1;B4","0.657;0.721","500",0.995623872541292,,4000,"2*pnorm(kappa_hat_05_c080)-1","declcalc0_inull_B1_res_1_2000.rds;declcalc0_inull_B4_res_1_2000.rds"
"S6","calibrated_c080","kappa_median_of_cell_medians_Bcells",0.05,"c080","B1;B4","0.657;0.721","500",2.84846279814168,,2,"kappa_hat_05_c080","declcalc0_inull_B1_res_1_2000.rds;declcalc0_inull_B4_res_1_2000.rds"
"S6","calibrated_c080","level_median_of_cell_medians_Bcells",0.05,"c080","B1;B4","0.657;0.721","500",0.995606901086613,,2,"2*pnorm(kappa_hat_05_c080)-1","declcalc0_inull_B1_res_1_2000.rds;declcalc0_inull_B4_res_1_2000.rds"
"S6","calibrated_c080","kappa_pooled_median_allcells",0.05,"c080","B2;B5;C1;C3","0.657;0.721;1.5;2","1000",2.59512832308466,,8000,"kappa_hat_05_c080","declcalc0_inull_B2_res_1_2000.rds;declcalc0_inull_B5_res_1_2000.rds;declcalc0_power_C1_res_1_2000.rds;declcalc0_power_C3_res_1_2000.rds"
"S6","calibrated_c080","level_pooled_median_allcells",0.05,"c080","B2;B5;C1;C3","0.657;0.721;1.5;2","1000",0.990544439099387,,8000,"2*pnorm(kappa_hat_05_c080)-1","declcalc0_inull_B2_res_1_2000.rds;declcalc0_inull_B5_res_1_2000.rds;declcalc0_power_C1_res_1_2000.rds;declcalc0_power_C3_res_1_2000.rds"
"S6","calibrated_c080","kappa_median_of_cell_medians_allcells",0.05,"c080","B2;B5;C1;C3","0.657;0.721;1.5;2","1000",2.58902897407418,,4,"kappa_hat_05_c080","declcalc0_inull_B2_res_1_2000.rds;declcalc0_inull_B5_res_1_2000.rds;declcalc0_power_C1_res_1_2000.rds;declcalc0_power_C3_res_1_2000.rds"
"S6","calibrated_c080","level_median_of_cell_medians_allcells",0.05,"c080","B2;B5;C1;C3","0.657;0.721;1.5;2","1000",0.990375300418273,,4,"2*pnorm(kappa_hat_05_c080)-1","declcalc0_inull_B2_res_1_2000.rds;declcalc0_inull_B5_res_1_2000.rds;declcalc0_power_C1_res_1_2000.rds;declcalc0_power_C3_res_1_2000.rds"
"S6","calibrated_c080","kappa_pooled_median_Bcells",0.05,"c080","B2;B5","0.657;0.721","1000",2.61009518408822,,4000,"kappa_hat_05_c080","declcalc0_inull_B2_res_1_2000.rds;declcalc0_inull_B5_res_1_2000.rds"
"S6","calibrated_c080","level_pooled_median_Bcells",0.05,"c080","B2;B5","0.657;0.721","1000",0.990948296696843,,4000,"2*pnorm(kappa_hat_05_c080)-1","declcalc0_inull_B2_res_1_2000.rds;declcalc0_inull_B5_res_1_2000.rds"
"S6","calibrated_c080","kappa_median_of_cell_medians_Bcells",0.05,"c080","B2;B5","0.657;0.721","1000",2.60942505387876,,2,"kappa_hat_05_c080","declcalc0_inull_B2_res_1_2000.rds;declcalc0_inull_B5_res_1_2000.rds"
"S6","calibrated_c080","level_median_of_cell_medians_Bcells",0.05,"c080","B2;B5","0.657;0.721","1000",0.990930548980467,,2,"2*pnorm(kappa_hat_05_c080)-1","declcalc0_inull_B2_res_1_2000.rds;declcalc0_inull_B5_res_1_2000.rds"
"S6","calibrated_c080","kappa_pooled_median_allcells",0.05,"c080","B3;B6;C2;C4","0.657;0.721;1.5;2","1500",2.37561509206623,,8000,"kappa_hat_05_c080","declcalc0_inull_B3_res_1_2000.rds;declcalc0_inull_B6_res_1_2000.rds;declcalc0_power_C2_res_1_2000.rds;declcalc0_power_C4_res_1_2000.rds"
"S6","calibrated_c080","level_pooled_median_allcells",0.05,"c080","B3;B6;C2;C4","0.657;0.721;1.5;2","1500",0.982480272271957,,8000,"2*pnorm(kappa_hat_05_c080)-1","declcalc0_inull_B3_res_1_2000.rds;declcalc0_inull_B6_res_1_2000.rds;declcalc0_power_C2_res_1_2000.rds;declcalc0_power_C4_res_1_2000.rds"
"S6","calibrated_c080","kappa_median_of_cell_medians_allcells",0.05,"c080","B3;B6;C2;C4","0.657;0.721;1.5;2","1500",2.36725970504099,,4,"kappa_hat_05_c080","declcalc0_inull_B3_res_1_2000.rds;declcalc0_inull_B6_res_1_2000.rds;declcalc0_power_C2_res_1_2000.rds;declcalc0_power_C4_res_1_2000.rds"
"S6","calibrated_c080","level_median_of_cell_medians_allcells",0.05,"c080","B3;B6;C2;C4","0.657;0.721;1.5;2","1500",0.982079647126041,,4,"2*pnorm(kappa_hat_05_c080)-1","declcalc0_inull_B3_res_1_2000.rds;declcalc0_inull_B6_res_1_2000.rds;declcalc0_power_C2_res_1_2000.rds;declcalc0_power_C4_res_1_2000.rds"
"S6","calibrated_c080","kappa_pooled_median_Bcells",0.05,"c080","B3;B6","0.657;0.721","1500",2.38981634145298,,4000,"kappa_hat_05_c080","declcalc0_inull_B3_res_1_2000.rds;declcalc0_inull_B6_res_1_2000.rds"
"S6","calibrated_c080","level_pooled_median_Bcells",0.05,"c080","B3;B6","0.657;0.721","1500",0.983143200069881,,4000,"2*pnorm(kappa_hat_05_c080)-1","declcalc0_inull_B3_res_1_2000.rds;declcalc0_inull_B6_res_1_2000.rds"
"S6","calibrated_c080","kappa_median_of_cell_medians_Bcells",0.05,"c080","B3;B6","0.657;0.721","1500",2.38845864598316,,2,"kappa_hat_05_c080","declcalc0_inull_B3_res_1_2000.rds;declcalc0_inull_B6_res_1_2000.rds"
"S6","calibrated_c080","level_median_of_cell_medians_Bcells",0.05,"c080","B3;B6","0.657;0.721","1500",0.983080787664428,,2,"2*pnorm(kappa_hat_05_c080)-1","declcalc0_inull_B3_res_1_2000.rds;declcalc0_inull_B6_res_1_2000.rds"
"S6","calibrated_c085","kappa_pooled_median_allcells",0.05,"c085","B1;B4","0.657;0.721","500",3.03973791494871,,4000,"kappa_hat_05_c085","declcalc0_inull_B1_res_1_2000.rds;declcalc0_inull_B4_res_1_2000.rds"
"S6","calibrated_c085","level_pooled_median_allcells",0.05,"c085","B1;B4","0.657;0.721","500",0.997632158987283,,4000,"2*pnorm(kappa_hat_05_c085)-1","declcalc0_inull_B1_res_1_2000.rds;declcalc0_inull_B4_res_1_2000.rds"
"S6","calibrated_c085","kappa_median_of_cell_medians_allcells",0.05,"c085","B1;B4","0.657;0.721","500",3.04047294598312,,2,"kappa_hat_05_c085","declcalc0_inull_B1_res_1_2000.rds;declcalc0_inull_B4_res_1_2000.rds"
"S6","calibrated_c085","level_median_of_cell_medians_allcells",0.05,"c085","B1;B4","0.657;0.721","500",0.997637930885696,,2,"2*pnorm(kappa_hat_05_c085)-1","declcalc0_inull_B1_res_1_2000.rds;declcalc0_inull_B4_res_1_2000.rds"
"S6","calibrated_c085","kappa_pooled_median_Bcells",0.05,"c085","B1;B4","0.657;0.721","500",3.03973791494871,,4000,"kappa_hat_05_c085","declcalc0_inull_B1_res_1_2000.rds;declcalc0_inull_B4_res_1_2000.rds"
"S6","calibrated_c085","level_pooled_median_Bcells",0.05,"c085","B1;B4","0.657;0.721","500",0.997632158987283,,4000,"2*pnorm(kappa_hat_05_c085)-1","declcalc0_inull_B1_res_1_2000.rds;declcalc0_inull_B4_res_1_2000.rds"
"S6","calibrated_c085","kappa_median_of_cell_medians_Bcells",0.05,"c085","B1;B4","0.657;0.721","500",3.04047294598312,,2,"kappa_hat_05_c085","declcalc0_inull_B1_res_1_2000.rds;declcalc0_inull_B4_res_1_2000.rds"
"S6","calibrated_c085","level_median_of_cell_medians_Bcells",0.05,"c085","B1;B4","0.657;0.721","500",0.997637930885696,,2,"2*pnorm(kappa_hat_05_c085)-1","declcalc0_inull_B1_res_1_2000.rds;declcalc0_inull_B4_res_1_2000.rds"
"S6","calibrated_c085","kappa_pooled_median_allcells",0.05,"c085","B2;B5;C1;C3","0.657;0.721;1.5;2","1000",2.84497818879492,,8000,"kappa_hat_05_c085","declcalc0_inull_B2_res_1_2000.rds;declcalc0_inull_B5_res_1_2000.rds;declcalc0_power_C1_res_1_2000.rds;declcalc0_power_C3_res_1_2000.rds"
"S6","calibrated_c085","level_pooled_median_allcells",0.05,"c085","B2;B5;C1;C3","0.657;0.721;1.5;2","1000",0.99555855357866,,8000,"2*pnorm(kappa_hat_05_c085)-1","declcalc0_inull_B2_res_1_2000.rds;declcalc0_inull_B5_res_1_2000.rds;declcalc0_power_C1_res_1_2000.rds;declcalc0_power_C3_res_1_2000.rds"
"S6","calibrated_c085","kappa_median_of_cell_medians_allcells",0.05,"c085","B2;B5;C1;C3","0.657;0.721;1.5;2","1000",2.83835637667764,,4,"kappa_hat_05_c085","declcalc0_inull_B2_res_1_2000.rds;declcalc0_inull_B5_res_1_2000.rds;declcalc0_power_C1_res_1_2000.rds;declcalc0_power_C3_res_1_2000.rds"
"S6","calibrated_c085","level_median_of_cell_medians_allcells",0.05,"c085","B2;B5;C1;C3","0.657;0.721;1.5;2","1000",0.995465347825788,,4,"2*pnorm(kappa_hat_05_c085)-1","declcalc0_inull_B2_res_1_2000.rds;declcalc0_inull_B5_res_1_2000.rds;declcalc0_power_C1_res_1_2000.rds;declcalc0_power_C3_res_1_2000.rds"
"S6","calibrated_c085","kappa_pooled_median_Bcells",0.05,"c085","B2;B5","0.657;0.721","1000",2.85672585944209,,4000,"kappa_hat_05_c085","declcalc0_inull_B2_res_1_2000.rds;declcalc0_inull_B5_res_1_2000.rds"
"S6","calibrated_c085","level_pooled_median_Bcells",0.05,"c085","B2;B5","0.657;0.721","1000",0.995719646485029,,4000,"2*pnorm(kappa_hat_05_c085)-1","declcalc0_inull_B2_res_1_2000.rds;declcalc0_inull_B5_res_1_2000.rds"
"S6","calibrated_c085","kappa_median_of_cell_medians_Bcells",0.05,"c085","B2;B5","0.657;0.721","1000",2.85563335937216,,2,"kappa_hat_05_c085","declcalc0_inull_B2_res_1_2000.rds;declcalc0_inull_B5_res_1_2000.rds"
"S6","calibrated_c085","level_median_of_cell_medians_Bcells",0.05,"c085","B2;B5","0.657;0.721","1000",0.995704891927593,,2,"2*pnorm(kappa_hat_05_c085)-1","declcalc0_inull_B2_res_1_2000.rds;declcalc0_inull_B5_res_1_2000.rds"
"S6","calibrated_c085","kappa_pooled_median_allcells",0.05,"c085","B3;B6;C2;C4","0.657;0.721;1.5;2","1500",2.67383592466714,,8000,"kappa_hat_05_c085","declcalc0_inull_B3_res_1_2000.rds;declcalc0_inull_B6_res_1_2000.rds;declcalc0_power_C2_res_1_2000.rds;declcalc0_power_C4_res_1_2000.rds"
"S6","calibrated_c085","level_pooled_median_allcells",0.05,"c085","B3;B6;C2;C4","0.657;0.721;1.5;2","1500",0.992501086962439,,8000,"2*pnorm(kappa_hat_05_c085)-1","declcalc0_inull_B3_res_1_2000.rds;declcalc0_inull_B6_res_1_2000.rds;declcalc0_power_C2_res_1_2000.rds;declcalc0_power_C4_res_1_2000.rds"
"S6","calibrated_c085","kappa_median_of_cell_medians_allcells",0.05,"c085","B3;B6;C2;C4","0.657;0.721;1.5;2","1500",2.66725896429079,,4,"kappa_hat_05_c085","declcalc0_inull_B3_res_1_2000.rds;declcalc0_inull_B6_res_1_2000.rds;declcalc0_power_C2_res_1_2000.rds;declcalc0_power_C4_res_1_2000.rds"
"S6","calibrated_c085","level_median_of_cell_medians_allcells",0.05,"c085","B3;B6;C2;C4","0.657;0.721;1.5;2","1500",0.99235272783947,,4,"2*pnorm(kappa_hat_05_c085)-1","declcalc0_inull_B3_res_1_2000.rds;declcalc0_inull_B6_res_1_2000.rds;declcalc0_power_C2_res_1_2000.rds;declcalc0_power_C4_res_1_2000.rds"
"S6","calibrated_c085","kappa_pooled_median_Bcells",0.05,"c085","B3;B6","0.657;0.721","1500",2.68532429211984,,4000,"kappa_hat_05_c085","declcalc0_inull_B3_res_1_2000.rds;declcalc0_inull_B6_res_1_2000.rds"
"S6","calibrated_c085","level_pooled_median_Bcells",0.05,"c085","B3;B6","0.657;0.721","1500",0.99275405373115,,4000,"2*pnorm(kappa_hat_05_c085)-1","declcalc0_inull_B3_res_1_2000.rds;declcalc0_inull_B6_res_1_2000.rds"
"S6","calibrated_c085","kappa_median_of_cell_medians_Bcells",0.05,"c085","B3;B6","0.657;0.721","1500",2.68517411841942,,2,"kappa_hat_05_c085","declcalc0_inull_B3_res_1_2000.rds;declcalc0_inull_B6_res_1_2000.rds"
"S6","calibrated_c085","level_median_of_cell_medians_Bcells",0.05,"c085","B3;B6","0.657;0.721","1500",0.99275079701415,,2,"2*pnorm(kappa_hat_05_c085)-1","declcalc0_inull_B3_res_1_2000.rds;declcalc0_inull_B6_res_1_2000.rds"
"S6","claim_threshold","kappa_pooled_median_allcells",0.05,,"B1;B4","0.657;0.721","500",3.59747087377389,,4000,"kappa_hat_05","declcal_inull_B1_res_1_2000.rds;declcal_inull_B4_res_1_2000.rds"
"S6","claim_threshold","level_pooled_median_allcells",0.05,,"B1;B4","0.657;0.721","500",0.999678673535242,,4000,"2*pnorm(kappa_hat_05)-1","declcal_inull_B1_res_1_2000.rds;declcal_inull_B4_res_1_2000.rds"
"S6","claim_threshold","kappa_median_of_cell_medians_allcells",0.05,,"B1;B4","0.657;0.721","500",3.59767293883117,,2,"kappa_hat_05","declcal_inull_B1_res_1_2000.rds;declcal_inull_B4_res_1_2000.rds"
"S6","claim_threshold","level_median_of_cell_medians_allcells",0.05,,"B1;B4","0.657;0.721","500",0.999678922993562,,2,"2*pnorm(kappa_hat_05)-1","declcal_inull_B1_res_1_2000.rds;declcal_inull_B4_res_1_2000.rds"
"S6","claim_threshold","kappa_pooled_median_Bcells",0.05,,"B1;B4","0.657;0.721","500",3.59747087377389,,4000,"kappa_hat_05","declcal_inull_B1_res_1_2000.rds;declcal_inull_B4_res_1_2000.rds"
"S6","claim_threshold","level_pooled_median_Bcells",0.05,,"B1;B4","0.657;0.721","500",0.999678673535242,,4000,"2*pnorm(kappa_hat_05)-1","declcal_inull_B1_res_1_2000.rds;declcal_inull_B4_res_1_2000.rds"
"S6","claim_threshold","kappa_median_of_cell_medians_Bcells",0.05,,"B1;B4","0.657;0.721","500",3.59767293883117,,2,"kappa_hat_05","declcal_inull_B1_res_1_2000.rds;declcal_inull_B4_res_1_2000.rds"
"S6","claim_threshold","level_median_of_cell_medians_Bcells",0.05,,"B1;B4","0.657;0.721","500",0.999678922993562,,2,"2*pnorm(kappa_hat_05)-1","declcal_inull_B1_res_1_2000.rds;declcal_inull_B4_res_1_2000.rds"
"S6","claim_threshold","kappa_pooled_median_allcells",0.05,,"B2;B5;C1;C3","0.657;0.721;1.5;2","1000",3.59426406643535,,8000,"kappa_hat_05","declcal_inull_B2_res_1_2000.rds;declcal_inull_B5_res_1_2000.rds;declcal_power_C1_res_1_2000.rds;declcal_power_C3_res_1_2000.rds"
"S6","claim_threshold","level_pooled_median_allcells",0.05,,"B2;B5;C1;C3","0.657;0.721;1.5;2","1000",0.999674690223973,,8000,"2*pnorm(kappa_hat_05)-1","declcal_inull_B2_res_1_2000.rds;declcal_inull_B5_res_1_2000.rds;declcal_power_C1_res_1_2000.rds;declcal_power_C3_res_1_2000.rds"
"S6","claim_threshold","kappa_median_of_cell_medians_allcells",0.05,,"B2;B5;C1;C3","0.657;0.721;1.5;2","1000",3.59142744240508,,4,"kappa_hat_05","declcal_inull_B2_res_1_2000.rds;declcal_inull_B5_res_1_2000.rds;declcal_power_C1_res_1_2000.rds;declcal_power_C3_res_1_2000.rds"
"S6","claim_threshold","level_median_of_cell_medians_allcells",0.05,,"B2;B5;C1;C3","0.657;0.721;1.5;2","1000",0.999671128259415,,4,"2*pnorm(kappa_hat_05)-1","declcal_inull_B2_res_1_2000.rds;declcal_inull_B5_res_1_2000.rds;declcal_power_C1_res_1_2000.rds;declcal_power_C3_res_1_2000.rds"
"S6","claim_threshold","kappa_pooled_median_Bcells",0.05,,"B2;B5","0.657;0.721","1000",3.59820461350431,,4000,"kappa_hat_05","declcal_inull_B2_res_1_2000.rds;declcal_inull_B5_res_1_2000.rds"
"S6","claim_threshold","level_pooled_median_Bcells",0.05,,"B2;B5","0.657;0.721","1000",0.999679578503939,,4000,"2*pnorm(kappa_hat_05)-1","declcal_inull_B2_res_1_2000.rds;declcal_inull_B5_res_1_2000.rds"
"S6","claim_threshold","kappa_median_of_cell_medians_Bcells",0.05,,"B2;B5","0.657;0.721","1000",3.59757421927072,,2,"kappa_hat_05","declcal_inull_B2_res_1_2000.rds;declcal_inull_B5_res_1_2000.rds"
"S6","claim_threshold","level_median_of_cell_medians_Bcells",0.05,,"B2;B5","0.657;0.721","1000",0.99967880114252,,2,"2*pnorm(kappa_hat_05)-1","declcal_inull_B2_res_1_2000.rds;declcal_inull_B5_res_1_2000.rds"
"S6","claim_threshold","kappa_pooled_median_allcells",0.05,,"B3;B6;C2;C4","0.657;0.721;1.5;2","1500",3.58198425601009,,8000,"kappa_hat_05","declcal_inull_B3_res_1_2000.rds;declcal_inull_B6_res_1_2000.rds;declcal_power_C2_res_1_2000.rds;declcal_power_C4_res_1_2000.rds"
"S6","claim_threshold","level_pooled_median_allcells",0.05,,"B3;B6;C2;C4","0.657;0.721;1.5;2","1500",0.999659005652498,,8000,"2*pnorm(kappa_hat_05)-1","declcal_inull_B3_res_1_2000.rds;declcal_inull_B6_res_1_2000.rds;declcal_power_C2_res_1_2000.rds;declcal_power_C4_res_1_2000.rds"
"S6","claim_threshold","kappa_median_of_cell_medians_allcells",0.05,,"B3;B6;C2;C4","0.657;0.721;1.5;2","1500",3.58011999589828,,4,"kappa_hat_05","declcal_inull_B3_res_1_2000.rds;declcal_inull_B6_res_1_2000.rds;declcal_power_C2_res_1_2000.rds;declcal_power_C4_res_1_2000.rds"
"S6","claim_threshold","level_median_of_cell_medians_allcells",0.05,,"B3;B6;C2;C4","0.657;0.721;1.5;2","1500",0.999656563541751,,4,"2*pnorm(kappa_hat_05)-1","declcal_inull_B3_res_1_2000.rds;declcal_inull_B6_res_1_2000.rds;declcal_power_C2_res_1_2000.rds;declcal_power_C4_res_1_2000.rds"
"S6","claim_threshold","kappa_pooled_median_Bcells",0.05,,"B3;B6","0.657;0.721","1500",3.58652058116438,,4000,"kappa_hat_05","declcal_inull_B3_res_1_2000.rds;declcal_inull_B6_res_1_2000.rds"
"S6","claim_threshold","level_pooled_median_Bcells",0.05,,"B3;B6","0.657;0.721","1500",0.999664880373859,,4000,"2*pnorm(kappa_hat_05)-1","declcal_inull_B3_res_1_2000.rds;declcal_inull_B6_res_1_2000.rds"
"S6","claim_threshold","kappa_median_of_cell_medians_Bcells",0.05,,"B3;B6","0.657;0.721","1500",3.58601598845625,,2,"kappa_hat_05","declcal_inull_B3_res_1_2000.rds;declcal_inull_B6_res_1_2000.rds"
"S6","claim_threshold","level_median_of_cell_medians_Bcells",0.05,,"B3;B6","0.657;0.721","1500",0.999664231618605,,2,"2*pnorm(kappa_hat_05)-1","declcal_inull_B3_res_1_2000.rds;declcal_inull_B6_res_1_2000.rds"
"S6","calibrated_c070","kappa_pooled_median_allcells",0.1,"c070","B1;B4","0.657;0.721","500",2.19024774196681,,4000,"kappa_hat_10_c070","declcalc0_inull_B1_res_1_2000.rds;declcalc0_inull_B4_res_1_2000.rds"
"S6","calibrated_c070","level_pooled_median_allcells",0.1,"c070","B1;B4","0.657;0.721","500",0.971493725478716,,4000,"2*pnorm(kappa_hat_10_c070)-1","declcalc0_inull_B1_res_1_2000.rds;declcalc0_inull_B4_res_1_2000.rds"
"S6","calibrated_c070","kappa_median_of_cell_medians_allcells",0.1,"c070","B1;B4","0.657;0.721","500",2.19211987327685,,2,"kappa_hat_10_c070","declcalc0_inull_B1_res_1_2000.rds;declcalc0_inull_B4_res_1_2000.rds"
"S6","calibrated_c070","level_median_of_cell_medians_allcells",0.1,"c070","B1;B4","0.657;0.721","500",0.971629147875923,,2,"2*pnorm(kappa_hat_10_c070)-1","declcalc0_inull_B1_res_1_2000.rds;declcalc0_inull_B4_res_1_2000.rds"
"S6","calibrated_c070","kappa_pooled_median_Bcells",0.1,"c070","B1;B4","0.657;0.721","500",2.19024774196681,,4000,"kappa_hat_10_c070","declcalc0_inull_B1_res_1_2000.rds;declcalc0_inull_B4_res_1_2000.rds"
"S6","calibrated_c070","level_pooled_median_Bcells",0.1,"c070","B1;B4","0.657;0.721","500",0.971493725478716,,4000,"2*pnorm(kappa_hat_10_c070)-1","declcalc0_inull_B1_res_1_2000.rds;declcalc0_inull_B4_res_1_2000.rds"
"S6","calibrated_c070","kappa_median_of_cell_medians_Bcells",0.1,"c070","B1;B4","0.657;0.721","500",2.19211987327685,,2,"kappa_hat_10_c070","declcalc0_inull_B1_res_1_2000.rds;declcalc0_inull_B4_res_1_2000.rds"
"S6","calibrated_c070","level_median_of_cell_medians_Bcells",0.1,"c070","B1;B4","0.657;0.721","500",0.971629147875923,,2,"2*pnorm(kappa_hat_10_c070)-1","declcalc0_inull_B1_res_1_2000.rds;declcalc0_inull_B4_res_1_2000.rds"
"S6","calibrated_c070","kappa_pooled_median_allcells",0.1,"c070","B2;B5;C1;C3","0.657;0.721;1.5;2","1000",1.83063391605547,,8000,"kappa_hat_10_c070","declcalc0_inull_B2_res_1_2000.rds;declcalc0_inull_B5_res_1_2000.rds;declcalc0_power_C1_res_1_2000.rds;declcalc0_power_C3_res_1_2000.rds"
"S6","calibrated_c070","level_pooled_median_allcells",0.1,"c070","B2;B5;C1;C3","0.657;0.721;1.5;2","1000",0.932844797261973,,8000,"2*pnorm(kappa_hat_10_c070)-1","declcalc0_inull_B2_res_1_2000.rds;declcalc0_inull_B5_res_1_2000.rds;declcalc0_power_C1_res_1_2000.rds;declcalc0_power_C3_res_1_2000.rds"
"S6","calibrated_c070","kappa_median_of_cell_medians_allcells",0.1,"c070","B2;B5;C1;C3","0.657;0.721;1.5;2","1000",1.82272077221928,,4,"kappa_hat_10_c070","declcalc0_inull_B2_res_1_2000.rds;declcalc0_inull_B5_res_1_2000.rds;declcalc0_power_C1_res_1_2000.rds;declcalc0_power_C3_res_1_2000.rds"
"S6","calibrated_c070","level_median_of_cell_medians_allcells",0.1,"c070","B2;B5;C1;C3","0.657;0.721;1.5;2","1000",0.931654307439501,,4,"2*pnorm(kappa_hat_10_c070)-1","declcalc0_inull_B2_res_1_2000.rds;declcalc0_inull_B5_res_1_2000.rds;declcalc0_power_C1_res_1_2000.rds;declcalc0_power_C3_res_1_2000.rds"
"S6","calibrated_c070","kappa_pooled_median_Bcells",0.1,"c070","B2;B5","0.657;0.721","1000",1.84619738762743,,4000,"kappa_hat_10_c070","declcalc0_inull_B2_res_1_2000.rds;declcalc0_inull_B5_res_1_2000.rds"
"S6","calibrated_c070","level_pooled_median_Bcells",0.1,"c070","B2;B5","0.657;0.721","1000",0.935136449853615,,4000,"2*pnorm(kappa_hat_10_c070)-1","declcalc0_inull_B2_res_1_2000.rds;declcalc0_inull_B5_res_1_2000.rds"
"S6","calibrated_c070","kappa_median_of_cell_medians_Bcells",0.1,"c070","B2;B5","0.657;0.721","1000",1.84714136506575,,2,"kappa_hat_10_c070","declcalc0_inull_B2_res_1_2000.rds;declcalc0_inull_B5_res_1_2000.rds"
"S6","calibrated_c070","level_median_of_cell_medians_Bcells",0.1,"c070","B2;B5","0.657;0.721","1000",0.935273345250779,,2,"2*pnorm(kappa_hat_10_c070)-1","declcalc0_inull_B2_res_1_2000.rds;declcalc0_inull_B5_res_1_2000.rds"
"S6","calibrated_c070","kappa_pooled_median_allcells",0.1,"c070","B3;B6;C2;C4","0.657;0.721;1.5;2","1500",1.51574750235675,,8000,"kappa_hat_10_c070","declcalc0_inull_B3_res_1_2000.rds;declcalc0_inull_B6_res_1_2000.rds;declcalc0_power_C2_res_1_2000.rds;declcalc0_power_C4_res_1_2000.rds"
"S6","calibrated_c070","level_pooled_median_allcells",0.1,"c070","B3;B6;C2;C4","0.657;0.721;1.5;2","1500",0.870416788822104,,8000,"2*pnorm(kappa_hat_10_c070)-1","declcalc0_inull_B3_res_1_2000.rds;declcalc0_inull_B6_res_1_2000.rds;declcalc0_power_C2_res_1_2000.rds;declcalc0_power_C4_res_1_2000.rds"
"S6","calibrated_c070","kappa_median_of_cell_medians_allcells",0.1,"c070","B3;B6;C2;C4","0.657;0.721;1.5;2","1500",1.5057185057104,,4,"kappa_hat_10_c070","declcalc0_inull_B3_res_1_2000.rds;declcalc0_inull_B6_res_1_2000.rds;declcalc0_power_C2_res_1_2000.rds;declcalc0_power_C4_res_1_2000.rds"
"S6","calibrated_c070","level_median_of_cell_medians_allcells",0.1,"c070","B3;B6;C2;C4","0.657;0.721;1.5;2","1500",0.867860548695646,,4,"2*pnorm(kappa_hat_10_c070)-1","declcalc0_inull_B3_res_1_2000.rds;declcalc0_inull_B6_res_1_2000.rds;declcalc0_power_C2_res_1_2000.rds;declcalc0_power_C4_res_1_2000.rds"
"S6","calibrated_c070","kappa_pooled_median_Bcells",0.1,"c070","B3;B6","0.657;0.721","1500",1.53169736029526,,4000,"kappa_hat_10_c070","declcalc0_inull_B3_res_1_2000.rds;declcalc0_inull_B6_res_1_2000.rds"
"S6","calibrated_c070","level_pooled_median_Bcells",0.1,"c070","B3;B6","0.657;0.721","1500",0.874402865888804,,4000,"2*pnorm(kappa_hat_10_c070)-1","declcalc0_inull_B3_res_1_2000.rds;declcalc0_inull_B6_res_1_2000.rds"
"S6","calibrated_c070","kappa_median_of_cell_medians_Bcells",0.1,"c070","B3;B6","0.657;0.721","1500",1.53250949298789,,2,"kappa_hat_10_c070","declcalc0_inull_B3_res_1_2000.rds;declcalc0_inull_B6_res_1_2000.rds"
"S6","calibrated_c070","level_median_of_cell_medians_Bcells",0.1,"c070","B3;B6","0.657;0.721","1500",0.874603243165051,,2,"2*pnorm(kappa_hat_10_c070)-1","declcalc0_inull_B3_res_1_2000.rds;declcalc0_inull_B6_res_1_2000.rds"
"S6","calibrated_c075","kappa_pooled_median_allcells",0.1,"c075","B1;B4","0.657;0.721","500",2.39421050947416,,4000,"kappa_hat_10_c075","declcalc0_inull_B1_res_1_2000.rds;declcalc0_inull_B4_res_1_2000.rds"
"S6","calibrated_c075","level_pooled_median_allcells",0.1,"c075","B1;B4","0.657;0.721","500",0.983343813901283,,4000,"2*pnorm(kappa_hat_10_c075)-1","declcalc0_inull_B1_res_1_2000.rds;declcalc0_inull_B4_res_1_2000.rds"
"S6","calibrated_c075","kappa_median_of_cell_medians_allcells",0.1,"c075","B1;B4","0.657;0.721","500",2.39381032702258,,2,"kappa_hat_10_c075","declcalc0_inull_B1_res_1_2000.rds;declcalc0_inull_B4_res_1_2000.rds"
"S6","calibrated_c075","level_median_of_cell_medians_allcells",0.1,"c075","B1;B4","0.657;0.721","500",0.983325630915502,,2,"2*pnorm(kappa_hat_10_c075)-1","declcalc0_inull_B1_res_1_2000.rds;declcalc0_inull_B4_res_1_2000.rds"
"S6","calibrated_c075","kappa_pooled_median_Bcells",0.1,"c075","B1;B4","0.657;0.721","500",2.39421050947416,,4000,"kappa_hat_10_c075","declcalc0_inull_B1_res_1_2000.rds;declcalc0_inull_B4_res_1_2000.rds"
"S6","calibrated_c075","level_pooled_median_Bcells",0.1,"c075","B1;B4","0.657;0.721","500",0.983343813901283,,4000,"2*pnorm(kappa_hat_10_c075)-1","declcalc0_inull_B1_res_1_2000.rds;declcalc0_inull_B4_res_1_2000.rds"
"S6","calibrated_c075","kappa_median_of_cell_medians_Bcells",0.1,"c075","B1;B4","0.657;0.721","500",2.39381032702258,,2,"kappa_hat_10_c075","declcalc0_inull_B1_res_1_2000.rds;declcalc0_inull_B4_res_1_2000.rds"
"S6","calibrated_c075","level_median_of_cell_medians_Bcells",0.1,"c075","B1;B4","0.657;0.721","500",0.983325630915502,,2,"2*pnorm(kappa_hat_10_c075)-1","declcalc0_inull_B1_res_1_2000.rds;declcalc0_inull_B4_res_1_2000.rds"
"S6","calibrated_c075","kappa_pooled_median_allcells",0.1,"c075","B2;B5;C1;C3","0.657;0.721;1.5;2","1000",2.09314848404227,,8000,"kappa_hat_10_c075","declcalc0_inull_B2_res_1_2000.rds;declcalc0_inull_B5_res_1_2000.rds;declcalc0_power_C1_res_1_2000.rds;declcalc0_power_C3_res_1_2000.rds"
"S6","calibrated_c075","level_pooled_median_allcells",0.1,"c075","B2;B5;C1;C3","0.657;0.721;1.5;2","1000",0.963664098209989,,8000,"2*pnorm(kappa_hat_10_c075)-1","declcalc0_inull_B2_res_1_2000.rds;declcalc0_inull_B5_res_1_2000.rds;declcalc0_power_C1_res_1_2000.rds;declcalc0_power_C3_res_1_2000.rds"
"S6","calibrated_c075","kappa_median_of_cell_medians_allcells",0.1,"c075","B2;B5;C1;C3","0.657;0.721;1.5;2","1000",2.08556010599304,,4,"kappa_hat_10_c075","declcalc0_inull_B2_res_1_2000.rds;declcalc0_inull_B5_res_1_2000.rds;declcalc0_power_C1_res_1_2000.rds;declcalc0_power_C3_res_1_2000.rds"
"S6","calibrated_c075","level_median_of_cell_medians_allcells",0.1,"c075","B2;B5;C1;C3","0.657;0.721;1.5;2","1000",0.962981511757938,,4,"2*pnorm(kappa_hat_10_c075)-1","declcalc0_inull_B2_res_1_2000.rds;declcalc0_inull_B5_res_1_2000.rds;declcalc0_power_C1_res_1_2000.rds;declcalc0_power_C3_res_1_2000.rds"
"S6","calibrated_c075","kappa_pooled_median_Bcells",0.1,"c075","B2;B5","0.657;0.721","1000",2.10681712923553,,4000,"kappa_hat_10_c075","declcalc0_inull_B2_res_1_2000.rds;declcalc0_inull_B5_res_1_2000.rds"
"S6","calibrated_c075","level_pooled_median_Bcells",0.1,"c075","B2;B5","0.657;0.721","1000",0.96486656587853,,4000,"2*pnorm(kappa_hat_10_c075)-1","declcalc0_inull_B2_res_1_2000.rds;declcalc0_inull_B5_res_1_2000.rds"
"S6","calibrated_c075","kappa_median_of_cell_medians_Bcells",0.1,"c075","B2;B5","0.657;0.721","1000",2.10854398210866,,2,"kappa_hat_10_c075","declcalc0_inull_B2_res_1_2000.rds;declcalc0_inull_B5_res_1_2000.rds"
"S6","calibrated_c075","level_median_of_cell_medians_Bcells",0.1,"c075","B2;B5","0.657;0.721","1000",0.965016037461611,,2,"2*pnorm(kappa_hat_10_c075)-1","declcalc0_inull_B2_res_1_2000.rds;declcalc0_inull_B5_res_1_2000.rds"
"S6","calibrated_c075","kappa_pooled_median_allcells",0.1,"c075","B3;B6;C2;C4","0.657;0.721;1.5;2","1500",1.8275621232884,,8000,"kappa_hat_10_c075","declcalc0_inull_B3_res_1_2000.rds;declcalc0_inull_B6_res_1_2000.rds;declcalc0_power_C2_res_1_2000.rds;declcalc0_power_C4_res_1_2000.rds"
"S6","calibrated_c075","level_pooled_median_allcells",0.1,"c075","B3;B6;C2;C4","0.657;0.721;1.5;2","1500",0.932384705284681,,8000,"2*pnorm(kappa_hat_10_c075)-1","declcalc0_inull_B3_res_1_2000.rds;declcalc0_inull_B6_res_1_2000.rds;declcalc0_power_C2_res_1_2000.rds;declcalc0_power_C4_res_1_2000.rds"
"S6","calibrated_c075","kappa_median_of_cell_medians_allcells",0.1,"c075","B3;B6;C2;C4","0.657;0.721;1.5;2","1500",1.81786308375182,,4,"kappa_hat_10_c075","declcalc0_inull_B3_res_1_2000.rds;declcalc0_inull_B6_res_1_2000.rds;declcalc0_power_C2_res_1_2000.rds;declcalc0_power_C4_res_1_2000.rds"
"S6","calibrated_c075","level_median_of_cell_medians_allcells",0.1,"c075","B3;B6;C2;C4","0.657;0.721;1.5;2","1500",0.930914938121226,,4,"2*pnorm(kappa_hat_10_c075)-1","declcalc0_inull_B3_res_1_2000.rds;declcalc0_inull_B6_res_1_2000.rds;declcalc0_power_C2_res_1_2000.rds;declcalc0_power_C4_res_1_2000.rds"
"S6","calibrated_c075","kappa_pooled_median_Bcells",0.1,"c075","B3;B6","0.657;0.721","1500",1.84107774232151,,4000,"kappa_hat_10_c075","declcalc0_inull_B3_res_1_2000.rds;declcalc0_inull_B6_res_1_2000.rds"
"S6","calibrated_c075","level_pooled_median_Bcells",0.1,"c075","B3;B6","0.657;0.721","1500",0.934389833125998,,4000,"2*pnorm(kappa_hat_10_c075)-1","declcalc0_inull_B3_res_1_2000.rds;declcalc0_inull_B6_res_1_2000.rds"
"S6","calibrated_c075","kappa_median_of_cell_medians_Bcells",0.1,"c075","B3;B6","0.657;0.721","1500",1.84157143778802,,2,"kappa_hat_10_c075","declcalc0_inull_B3_res_1_2000.rds;declcalc0_inull_B6_res_1_2000.rds"
"S6","calibrated_c075","level_median_of_cell_medians_Bcells",0.1,"c075","B3;B6","0.657;0.721","1500",0.934462137846044,,2,"2*pnorm(kappa_hat_10_c075)-1","declcalc0_inull_B3_res_1_2000.rds;declcalc0_inull_B6_res_1_2000.rds"
"S6","calibrated_c080","kappa_pooled_median_allcells",0.1,"c080","B1;B4","0.657;0.721","500",2.59008792935716,,4000,"kappa_hat_10_c080","declcalc0_inull_B1_res_1_2000.rds;declcalc0_inull_B4_res_1_2000.rds"
"S6","calibrated_c080","level_pooled_median_allcells",0.1,"c080","B1;B4","0.657;0.721","500",0.990404858007737,,4000,"2*pnorm(kappa_hat_10_c080)-1","declcalc0_inull_B1_res_1_2000.rds;declcalc0_inull_B4_res_1_2000.rds"
"S6","calibrated_c080","kappa_median_of_cell_medians_allcells",0.1,"c080","B1;B4","0.657;0.721","500",2.58998688320329,,2,"kappa_hat_10_c080","declcalc0_inull_B1_res_1_2000.rds;declcalc0_inull_B4_res_1_2000.rds"
"S6","calibrated_c080","level_median_of_cell_medians_allcells",0.1,"c080","B1;B4","0.657;0.721","500",0.990402041101656,,2,"2*pnorm(kappa_hat_10_c080)-1","declcalc0_inull_B1_res_1_2000.rds;declcalc0_inull_B4_res_1_2000.rds"
"S6","calibrated_c080","kappa_pooled_median_Bcells",0.1,"c080","B1;B4","0.657;0.721","500",2.59008792935716,,4000,"kappa_hat_10_c080","declcalc0_inull_B1_res_1_2000.rds;declcalc0_inull_B4_res_1_2000.rds"
"S6","calibrated_c080","level_pooled_median_Bcells",0.1,"c080","B1;B4","0.657;0.721","500",0.990404858007737,,4000,"2*pnorm(kappa_hat_10_c080)-1","declcalc0_inull_B1_res_1_2000.rds;declcalc0_inull_B4_res_1_2000.rds"
"S6","calibrated_c080","kappa_median_of_cell_medians_Bcells",0.1,"c080","B1;B4","0.657;0.721","500",2.58998688320329,,2,"kappa_hat_10_c080","declcalc0_inull_B1_res_1_2000.rds;declcalc0_inull_B4_res_1_2000.rds"
"S6","calibrated_c080","level_median_of_cell_medians_Bcells",0.1,"c080","B1;B4","0.657;0.721","500",0.990402041101656,,2,"2*pnorm(kappa_hat_10_c080)-1","declcalc0_inull_B1_res_1_2000.rds;declcalc0_inull_B4_res_1_2000.rds"
"S6","calibrated_c080","kappa_pooled_median_allcells",0.1,"c080","B2;B5;C1;C3","0.657;0.721;1.5;2","1000",2.34803632490711,,8000,"kappa_hat_10_c080","declcalc0_inull_B2_res_1_2000.rds;declcalc0_inull_B5_res_1_2000.rds;declcalc0_power_C1_res_1_2000.rds;declcalc0_power_C3_res_1_2000.rds"
"S6","calibrated_c080","level_pooled_median_allcells",0.1,"c080","B2;B5;C1;C3","0.657;0.721;1.5;2","1000",0.98112731934301,,8000,"2*pnorm(kappa_hat_10_c080)-1","declcalc0_inull_B2_res_1_2000.rds;declcalc0_inull_B5_res_1_2000.rds;declcalc0_power_C1_res_1_2000.rds;declcalc0_power_C3_res_1_2000.rds"
"S6","calibrated_c080","kappa_median_of_cell_medians_allcells",0.1,"c080","B2;B5;C1;C3","0.657;0.721;1.5;2","1000",2.34175786715826,,4,"kappa_hat_10_c080","declcalc0_inull_B2_res_1_2000.rds;declcalc0_inull_B5_res_1_2000.rds;declcalc0_power_C1_res_1_2000.rds;declcalc0_power_C3_res_1_2000.rds"
"S6","calibrated_c080","level_median_of_cell_medians_allcells",0.1,"c080","B2;B5;C1;C3","0.657;0.721;1.5;2","1000",0.98080683786351,,4,"2*pnorm(kappa_hat_10_c080)-1","declcalc0_inull_B2_res_1_2000.rds;declcalc0_inull_B5_res_1_2000.rds;declcalc0_power_C1_res_1_2000.rds;declcalc0_power_C3_res_1_2000.rds"
"S6","calibrated_c080","kappa_pooled_median_Bcells",0.1,"c080","B2;B5","0.657;0.721","1000",2.3606534936629,,4000,"kappa_hat_10_c080","declcalc0_inull_B2_res_1_2000.rds;declcalc0_inull_B5_res_1_2000.rds"
"S6","calibrated_c080","level_pooled_median_Bcells",0.1,"c080","B2;B5","0.657;0.721","1000",0.981757232881565,,4000,"2*pnorm(kappa_hat_10_c080)-1","declcalc0_inull_B2_res_1_2000.rds;declcalc0_inull_B5_res_1_2000.rds"
"S6","calibrated_c080","kappa_median_of_cell_medians_Bcells",0.1,"c080","B2;B5","0.657;0.721","1000",2.36062341127909,,2,"kappa_hat_10_c080","declcalc0_inull_B2_res_1_2000.rds;declcalc0_inull_B5_res_1_2000.rds"
"S6","calibrated_c080","level_median_of_cell_medians_Bcells",0.1,"c080","B2;B5","0.657;0.721","1000",0.981755753178493,,2,"2*pnorm(kappa_hat_10_c080)-1","declcalc0_inull_B2_res_1_2000.rds;declcalc0_inull_B5_res_1_2000.rds"
"S6","calibrated_c080","kappa_pooled_median_allcells",0.1,"c080","B3;B6;C2;C4","0.657;0.721;1.5;2","1500",2.13053108704037,,8000,"kappa_hat_10_c080","declcalc0_inull_B3_res_1_2000.rds;declcalc0_inull_B6_res_1_2000.rds;declcalc0_power_C2_res_1_2000.rds;declcalc0_power_C4_res_1_2000.rds"
"S6","calibrated_c080","level_pooled_median_allcells",0.1,"c080","B3;B6;C2;C4","0.657;0.721;1.5;2","1500",0.966872207887702,,8000,"2*pnorm(kappa_hat_10_c080)-1","declcalc0_inull_B3_res_1_2000.rds;declcalc0_inull_B6_res_1_2000.rds;declcalc0_power_C2_res_1_2000.rds;declcalc0_power_C4_res_1_2000.rds"
"S6","calibrated_c080","kappa_median_of_cell_medians_allcells",0.1,"c080","B3;B6;C2;C4","0.657;0.721;1.5;2","1500",2.12276706488891,,4,"kappa_hat_10_c080","declcalc0_inull_B3_res_1_2000.rds;declcalc0_inull_B6_res_1_2000.rds;declcalc0_power_C2_res_1_2000.rds;declcalc0_power_C4_res_1_2000.rds"
"S6","calibrated_c080","level_median_of_cell_medians_allcells",0.1,"c080","B3;B6;C2;C4","0.657;0.721;1.5;2","1500",0.966226624008597,,4,"2*pnorm(kappa_hat_10_c080)-1","declcalc0_inull_B3_res_1_2000.rds;declcalc0_inull_B6_res_1_2000.rds;declcalc0_power_C2_res_1_2000.rds;declcalc0_power_C4_res_1_2000.rds"
"S6","calibrated_c080","kappa_pooled_median_Bcells",0.1,"c080","B3;B6","0.657;0.721","1500",2.14352728085401,,4000,"kappa_hat_10_c080","declcalc0_inull_B3_res_1_2000.rds;declcalc0_inull_B6_res_1_2000.rds"
"S6","calibrated_c080","level_pooled_median_Bcells",0.1,"c080","B3;B6","0.657;0.721","1500",0.967929217090803,,4000,"2*pnorm(kappa_hat_10_c080)-1","declcalc0_inull_B3_res_1_2000.rds;declcalc0_inull_B6_res_1_2000.rds"
"S6","calibrated_c080","kappa_median_of_cell_medians_Bcells",0.1,"c080","B3;B6","0.657;0.721","1500",2.14342925294073,,2,"kappa_hat_10_c080","declcalc0_inull_B3_res_1_2000.rds;declcalc0_inull_B6_res_1_2000.rds"
"S6","calibrated_c080","level_median_of_cell_medians_Bcells",0.1,"c080","B3;B6","0.657;0.721","1500",0.967921353751405,,2,"2*pnorm(kappa_hat_10_c080)-1","declcalc0_inull_B3_res_1_2000.rds;declcalc0_inull_B6_res_1_2000.rds"
"S6","calibrated_c085","kappa_pooled_median_allcells",0.1,"c085","B1;B4","0.657;0.721","500",2.78254431946042,,4000,"kappa_hat_10_c085","declcalc0_inull_B1_res_1_2000.rds;declcalc0_inull_B4_res_1_2000.rds"
"S6","calibrated_c085","level_pooled_median_allcells",0.1,"c085","B1;B4","0.657;0.721","500",0.994606550164264,,4000,"2*pnorm(kappa_hat_10_c085)-1","declcalc0_inull_B1_res_1_2000.rds;declcalc0_inull_B4_res_1_2000.rds"
"S6","calibrated_c085","kappa_median_of_cell_medians_allcells",0.1,"c085","B1;B4","0.657;0.721","500",2.78247570428767,,2,"kappa_hat_10_c085","declcalc0_inull_B1_res_1_2000.rds;declcalc0_inull_B4_res_1_2000.rds"
"S6","calibrated_c085","level_median_of_cell_medians_allcells",0.1,"c085","B1;B4","0.657;0.721","500",0.994605409579191,,2,"2*pnorm(kappa_hat_10_c085)-1","declcalc0_inull_B1_res_1_2000.rds;declcalc0_inull_B4_res_1_2000.rds"
"S6","calibrated_c085","kappa_pooled_median_Bcells",0.1,"c085","B1;B4","0.657;0.721","500",2.78254431946042,,4000,"kappa_hat_10_c085","declcalc0_inull_B1_res_1_2000.rds;declcalc0_inull_B4_res_1_2000.rds"
"S6","calibrated_c085","level_pooled_median_Bcells",0.1,"c085","B1;B4","0.657;0.721","500",0.994606550164264,,4000,"2*pnorm(kappa_hat_10_c085)-1","declcalc0_inull_B1_res_1_2000.rds;declcalc0_inull_B4_res_1_2000.rds"
"S6","calibrated_c085","kappa_median_of_cell_medians_Bcells",0.1,"c085","B1;B4","0.657;0.721","500",2.78247570428767,,2,"kappa_hat_10_c085","declcalc0_inull_B1_res_1_2000.rds;declcalc0_inull_B4_res_1_2000.rds"
"S6","calibrated_c085","level_median_of_cell_medians_Bcells",0.1,"c085","B1;B4","0.657;0.721","500",0.994605409579191,,2,"2*pnorm(kappa_hat_10_c085)-1","declcalc0_inull_B1_res_1_2000.rds;declcalc0_inull_B4_res_1_2000.rds"
"S6","calibrated_c085","kappa_pooled_median_allcells",0.1,"c085","B2;B5;C1;C3","0.657;0.721;1.5;2","1000",2.59812308471416,,8000,"kappa_hat_10_c085","declcalc0_inull_B2_res_1_2000.rds;declcalc0_inull_B5_res_1_2000.rds;declcalc0_power_C1_res_1_2000.rds;declcalc0_power_C3_res_1_2000.rds"
"S6","calibrated_c085","level_pooled_median_allcells",0.1,"c085","B2;B5;C1;C3","0.657;0.721;1.5;2","1000",0.990626511204218,,8000,"2*pnorm(kappa_hat_10_c085)-1","declcalc0_inull_B2_res_1_2000.rds;declcalc0_inull_B5_res_1_2000.rds;declcalc0_power_C1_res_1_2000.rds;declcalc0_power_C3_res_1_2000.rds"
"S6","calibrated_c085","kappa_median_of_cell_medians_allcells",0.1,"c085","B2;B5;C1;C3","0.657;0.721;1.5;2","1000",2.59181135767744,,4,"kappa_hat_10_c085","declcalc0_inull_B2_res_1_2000.rds;declcalc0_inull_B5_res_1_2000.rds;declcalc0_power_C1_res_1_2000.rds;declcalc0_power_C3_res_1_2000.rds"
"S6","calibrated_c085","level_median_of_cell_medians_allcells",0.1,"c085","B2;B5;C1;C3","0.657;0.721;1.5;2","1000",0.990452789374196,,4,"2*pnorm(kappa_hat_10_c085)-1","declcalc0_inull_B2_res_1_2000.rds;declcalc0_inull_B5_res_1_2000.rds;declcalc0_power_C1_res_1_2000.rds;declcalc0_power_C3_res_1_2000.rds"
"S6","calibrated_c085","kappa_pooled_median_Bcells",0.1,"c085","B2;B5","0.657;0.721","1000",2.60899229634414,,4000,"kappa_hat_10_c085","declcalc0_inull_B2_res_1_2000.rds;declcalc0_inull_B5_res_1_2000.rds"
"S6","calibrated_c085","level_pooled_median_Bcells",0.1,"c085","B2;B5","0.657;0.721","1000",0.990919071334182,,4000,"2*pnorm(kappa_hat_10_c085)-1","declcalc0_inull_B2_res_1_2000.rds;declcalc0_inull_B5_res_1_2000.rds"
"S6","calibrated_c085","kappa_median_of_cell_medians_Bcells",0.1,"c085","B2;B5","0.657;0.721","1000",2.6081008343292,,2,"kappa_hat_10_c085","declcalc0_inull_B2_res_1_2000.rds;declcalc0_inull_B5_res_1_2000.rds"
"S6","calibrated_c085","level_median_of_cell_medians_Bcells",0.1,"c085","B2;B5","0.657;0.721","1000",0.990895386994042,,2,"2*pnorm(kappa_hat_10_c085)-1","declcalc0_inull_B2_res_1_2000.rds;declcalc0_inull_B5_res_1_2000.rds"
"S6","calibrated_c085","kappa_pooled_median_allcells",0.1,"c085","B3;B6;C2;C4","0.657;0.721;1.5;2","1500",2.42961548889863,,8000,"kappa_hat_10_c085","declcalc0_inull_B3_res_1_2000.rds;declcalc0_inull_B6_res_1_2000.rds;declcalc0_power_C2_res_1_2000.rds;declcalc0_power_C4_res_1_2000.rds"
"S6","calibrated_c085","level_pooled_median_allcells",0.1,"c085","B3;B6;C2;C4","0.657;0.721;1.5;2","1500",0.984885151390182,,8000,"2*pnorm(kappa_hat_10_c085)-1","declcalc0_inull_B3_res_1_2000.rds;declcalc0_inull_B6_res_1_2000.rds;declcalc0_power_C2_res_1_2000.rds;declcalc0_power_C4_res_1_2000.rds"
"S6","calibrated_c085","kappa_median_of_cell_medians_allcells",0.1,"c085","B3;B6;C2;C4","0.657;0.721;1.5;2","1500",2.42408236950857,,4,"kappa_hat_10_c085","declcalc0_inull_B3_res_1_2000.rds;declcalc0_inull_B6_res_1_2000.rds;declcalc0_power_C2_res_1_2000.rds;declcalc0_power_C4_res_1_2000.rds"
"S6","calibrated_c085","level_median_of_cell_medians_allcells",0.1,"c085","B3;B6;C2;C4","0.657;0.721;1.5;2","1500",0.98465287591911,,4,"2*pnorm(kappa_hat_10_c085)-1","declcalc0_inull_B3_res_1_2000.rds;declcalc0_inull_B6_res_1_2000.rds;declcalc0_power_C2_res_1_2000.rds;declcalc0_power_C4_res_1_2000.rds"
"S6","calibrated_c085","kappa_pooled_median_Bcells",0.1,"c085","B3;B6","0.657;0.721","1500",2.44168384825226,,4000,"kappa_hat_10_c085","declcalc0_inull_B3_res_1_2000.rds;declcalc0_inull_B6_res_1_2000.rds"
"S6","calibrated_c085","level_pooled_median_Bcells",0.1,"c085","B3;B6","0.657;0.721","1500",0.985381057345545,,4000,"2*pnorm(kappa_hat_10_c085)-1","declcalc0_inull_B3_res_1_2000.rds;declcalc0_inull_B6_res_1_2000.rds"
"S6","calibrated_c085","kappa_median_of_cell_medians_Bcells",0.1,"c085","B3;B6","0.657;0.721","1500",2.44103517603916,,2,"kappa_hat_10_c085","declcalc0_inull_B3_res_1_2000.rds;declcalc0_inull_B6_res_1_2000.rds"
"S6","calibrated_c085","level_median_of_cell_medians_Bcells",0.1,"c085","B3;B6","0.657;0.721","1500",0.985354771827966,,2,"2*pnorm(kappa_hat_10_c085)-1","declcalc0_inull_B3_res_1_2000.rds;declcalc0_inull_B6_res_1_2000.rds"
"S6","claim_threshold","kappa_pooled_median_allcells",0.1,,"B1;B4","0.657;0.721","500",3.33741442841648,,4000,"kappa_hat_10","declcal_inull_B1_res_1_2000.rds;declcal_inull_B4_res_1_2000.rds"
"S6","claim_threshold","level_pooled_median_allcells",0.1,,"B1;B4","0.657;0.721","500",0.999154382436501,,4000,"2*pnorm(kappa_hat_10)-1","declcal_inull_B1_res_1_2000.rds;declcal_inull_B4_res_1_2000.rds"
"S6","claim_threshold","kappa_median_of_cell_medians_allcells",0.1,,"B1;B4","0.657;0.721","500",3.33784904115314,,2,"kappa_hat_10","declcal_inull_B1_res_1_2000.rds;declcal_inull_B4_res_1_2000.rds"
"S6","claim_threshold","level_median_of_cell_medians_allcells",0.1,,"B1;B4","0.657;0.721","500",0.999155703941586,,2,"2*pnorm(kappa_hat_10)-1","declcal_inull_B1_res_1_2000.rds;declcal_inull_B4_res_1_2000.rds"
"S6","claim_threshold","kappa_pooled_median_Bcells",0.1,,"B1;B4","0.657;0.721","500",3.33741442841648,,4000,"kappa_hat_10","declcal_inull_B1_res_1_2000.rds;declcal_inull_B4_res_1_2000.rds"
"S6","claim_threshold","level_pooled_median_Bcells",0.1,,"B1;B4","0.657;0.721","500",0.999154382436501,,4000,"2*pnorm(kappa_hat_10)-1","declcal_inull_B1_res_1_2000.rds;declcal_inull_B4_res_1_2000.rds"
"S6","claim_threshold","kappa_median_of_cell_medians_Bcells",0.1,,"B1;B4","0.657;0.721","500",3.33784904115314,,2,"kappa_hat_10","declcal_inull_B1_res_1_2000.rds;declcal_inull_B4_res_1_2000.rds"
"S6","claim_threshold","level_median_of_cell_medians_Bcells",0.1,,"B1;B4","0.657;0.721","500",0.999155703941586,,2,"2*pnorm(kappa_hat_10)-1","declcal_inull_B1_res_1_2000.rds;declcal_inull_B4_res_1_2000.rds"
"S6","claim_threshold","kappa_pooled_median_allcells",0.1,,"B2;B5;C1;C3","0.657;0.721;1.5;2","1000",3.34479572753677,,8000,"kappa_hat_10","declcal_inull_B2_res_1_2000.rds;declcal_inull_B5_res_1_2000.rds;declcal_power_C1_res_1_2000.rds;declcal_power_C3_res_1_2000.rds"
"S6","claim_threshold","level_pooled_median_allcells",0.1,,"B2;B5;C1;C3","0.657;0.721;1.5;2","1000",0.999176568073164,,8000,"2*pnorm(kappa_hat_10)-1","declcal_inull_B2_res_1_2000.rds;declcal_inull_B5_res_1_2000.rds;declcal_power_C1_res_1_2000.rds;declcal_power_C3_res_1_2000.rds"
"S6","claim_threshold","kappa_median_of_cell_medians_allcells",0.1,,"B2;B5;C1;C3","0.657;0.721;1.5;2","1000",3.34274946731932,,4,"kappa_hat_10","declcal_inull_B2_res_1_2000.rds;declcal_inull_B5_res_1_2000.rds;declcal_power_C1_res_1_2000.rds;declcal_power_C3_res_1_2000.rds"
"S6","claim_threshold","level_median_of_cell_medians_allcells",0.1,,"B2;B5;C1;C3","0.657;0.721;1.5;2","1000",0.999170472444183,,4,"2*pnorm(kappa_hat_10)-1","declcal_inull_B2_res_1_2000.rds;declcal_inull_B5_res_1_2000.rds;declcal_power_C1_res_1_2000.rds;declcal_power_C3_res_1_2000.rds"
"S6","claim_threshold","kappa_pooled_median_Bcells",0.1,,"B2;B5","0.657;0.721","1000",3.34776215947966,,4000,"kappa_hat_10","declcal_inull_B2_res_1_2000.rds;declcal_inull_B5_res_1_2000.rds"
"S6","claim_threshold","level_pooled_median_Bcells",0.1,,"B2;B5","0.657;0.721","1000",0.999185331054183,,4000,"2*pnorm(kappa_hat_10)-1","declcal_inull_B2_res_1_2000.rds;declcal_inull_B5_res_1_2000.rds"
"S6","claim_threshold","kappa_median_of_cell_medians_Bcells",0.1,,"B2;B5","0.657;0.721","1000",3.3480027980828,,2,"kappa_hat_10","declcal_inull_B2_res_1_2000.rds;declcal_inull_B5_res_1_2000.rds"
"S6","claim_threshold","level_median_of_cell_medians_Bcells",0.1,,"B2;B5","0.657;0.721","1000",0.999186038104364,,2,"2*pnorm(kappa_hat_10)-1","declcal_inull_B2_res_1_2000.rds;declcal_inull_B5_res_1_2000.rds"
"S6","claim_threshold","kappa_pooled_median_allcells",0.1,,"B3;B6;C2;C4","0.657;0.721;1.5;2","1500",3.33332823232026,,8000,"kappa_hat_10","declcal_inull_B3_res_1_2000.rds;declcal_inull_B6_res_1_2000.rds;declcal_power_C2_res_1_2000.rds;declcal_power_C4_res_1_2000.rds"
"S6","claim_threshold","level_pooled_median_allcells",0.1,,"B3;B6;C2;C4","0.657;0.721;1.5;2","1500",0.999141863599102,,8000,"2*pnorm(kappa_hat_10)-1","declcal_inull_B3_res_1_2000.rds;declcal_inull_B6_res_1_2000.rds;declcal_power_C2_res_1_2000.rds;declcal_power_C4_res_1_2000.rds"
"S6","claim_threshold","kappa_median_of_cell_medians_allcells",0.1,,"B3;B6;C2;C4","0.657;0.721;1.5;2","1500",3.33184419465161,,4,"kappa_hat_10","declcal_inull_B3_res_1_2000.rds;declcal_inull_B6_res_1_2000.rds;declcal_power_C2_res_1_2000.rds;declcal_power_C4_res_1_2000.rds"
"S6","claim_threshold","level_median_of_cell_medians_allcells",0.1,,"B3;B6;C2;C4","0.657;0.721;1.5;2","1500",0.999137274581614,,4,"2*pnorm(kappa_hat_10)-1","declcal_inull_B3_res_1_2000.rds;declcal_inull_B6_res_1_2000.rds;declcal_power_C2_res_1_2000.rds;declcal_power_C4_res_1_2000.rds"
"S6","claim_threshold","kappa_pooled_median_Bcells",0.1,,"B3;B6","0.657;0.721","1500",3.33675586818516,,4000,"kappa_hat_10","declcal_inull_B3_res_1_2000.rds;declcal_inull_B6_res_1_2000.rds"
"S6","claim_threshold","level_pooled_median_Bcells",0.1,,"B3;B6","0.657;0.721","1500",0.999152376329214,,4000,"2*pnorm(kappa_hat_10)-1","declcal_inull_B3_res_1_2000.rds;declcal_inull_B6_res_1_2000.rds"
"S6","claim_threshold","kappa_median_of_cell_medians_Bcells",0.1,,"B3;B6","0.657;0.721","1500",3.33641085923979,,2,"kappa_hat_10","declcal_inull_B3_res_1_2000.rds;declcal_inull_B6_res_1_2000.rds"
"S6","claim_threshold","level_median_of_cell_medians_Bcells",0.1,,"B3;B6","0.657;0.721","1500",0.999151323601339,,2,"2*pnorm(kappa_hat_10)-1","declcal_inull_B3_res_1_2000.rds;declcal_inull_B6_res_1_2000.rds"
"footprint","calibrated_c070","share_n_admitted_gt1",0.05,"c070","C1;C2;C3;C4",,,0.968195620904587,6058,6257,"n_admitted_cal05_c070>1 | declared_cal05_c070==1","declcalc0_power_C1_res_1_2000.rds;declcalc0_power_C2_res_1_2000.rds;declcalc0_power_C3_res_1_2000.rds;declcalc0_power_C4_res_1_2000.rds"
"footprint","calibrated_c075","share_n_admitted_gt1",0.05,"c075","C1;C2;C3;C4",,,0.9656283566058,5394,5586,"n_admitted_cal05_c075>1 | declared_cal05_c075==1","declcalc0_power_C1_res_1_2000.rds;declcalc0_power_C2_res_1_2000.rds;declcalc0_power_C3_res_1_2000.rds;declcalc0_power_C4_res_1_2000.rds"
"footprint","calibrated_c080","share_n_admitted_gt1",0.05,"c080","C1;C2;C3;C4",,,0.965192465192465,4714,4884,"n_admitted_cal05_c080>1 | declared_cal05_c080==1","declcalc0_power_C1_res_1_2000.rds;declcalc0_power_C2_res_1_2000.rds;declcalc0_power_C3_res_1_2000.rds;declcalc0_power_C4_res_1_2000.rds"
"footprint","calibrated_c085","share_n_admitted_gt1",0.05,"c085","C1;C2;C3;C4",,,0.966563907991463,4076,4217,"n_admitted_cal05_c085>1 | declared_cal05_c085==1","declcalc0_power_C1_res_1_2000.rds;declcalc0_power_C2_res_1_2000.rds;declcalc0_power_C3_res_1_2000.rds;declcalc0_power_C4_res_1_2000.rds"
"footprint","pooled_c0","share_n_admitted_gt1",0.05,"c070;c075;c080;c085","C1;C2;C3;C4",,,0.9664820473644,20242,20944,"n_admitted_cal05_<c0>>1 | declared_cal05_<c0>==1","declcalc0_power_C1_res_1_2000.rds;declcalc0_power_C2_res_1_2000.rds;declcalc0_power_C3_res_1_2000.rds;declcalc0_power_C4_res_1_2000.rds"
